Title,Price,Number of Buyers,Number of Ratings,Rating,Image Link
"Luxury PV Lycra Stretchable Formal Pants
                            for Men | Stylish Slim Fit Men's Wear Trousers for Office or Party | Mens Fashion Dress
                            Trouser Pant","1,499","100+ bought in past
                        month","1,574","3.8 out of
                                        5 stars",https://m.media-amazon.com/images/I/615JuAzXy7L._AC_UL320_.jpg
Stretchable Formal Pants for Plus Size Men | Stylish Slim Fit Luxury PV Lycra Men's Wear Trousers for Office or Party | Mens Fashion Dress Trouser Pant,"1,599",M.R.P:,47,3.9 out of 5 stars,https://m.media-amazon.com/images/I/61zp08Qj6EL._AC_UL320_.jpg
Men Cargo || Men Cargo Pants || Men Cargo Pants Cotton || Cargos for Men (Cargo-34-37),599,200+ bought in past month,131,4.3 out of 5 stars,https://m.media-amazon.com/images/I/61Q+oTHo0EL._AC_UL320_.jpg
Men Cargo || Men Cargo Pants || Men Cargo Pants Cotton || Cargos for Men (Cago-22-25),519,200+ bought in past month,258,4.1 out of 5 stars,https://m.media-amazon.com/images/I/61LbbOemKBL._AC_UL320_.jpg
Men Cargo || Men Cargo Pants || Men Cargo Pants Cotton || Cargos for Men (Cargo-54-57),779,M.R.P:,17,4.8 out of 5 stars,https://m.media-amazon.com/images/I/61AmN-7qhwL._AC_UL320_.jpg
"Men's Regular Fit Cotton Track Pants for Gym, Running, Jogging, Yoga with Zipper Pockets",469,M.R.P:,N/A,N/A,https://m.media-amazon.com/images/I/618UAu3DZBL._AC_UL320_.jpg
Women's High Rise Viscose Rayon Relaxed Fit Korean Trousers,269,100+ bought in past month,"1,990",3.8 out of 5 stars,https://m.media-amazon.com/images/I/61jfBIZmcmL._AC_UL320_.jpg
Men's Sports Regular Fit Lycra Track Pant with Two Side Pockets,899,50+ bought in past month,125,3.4 out of 5 stars,https://m.media-amazon.com/images/I/51fpbZLqcAL._AC_UL320_.jpg
"MamyPoko Pants Extra Absorb Baby Diapers, XX-Large (XXL), 44 Count, 15-25kg",863,4K+ bought in past month,"156,522",4.3 out of 5 stars,https://m.media-amazon.com/images/I/71uTI-gvUqL._AC_UL320_.jpg
Women's & Girls' Solid Side Split Hem Flare Leg Bell Bottom Pants Trouser,265,100+ bought in past month,353,3.7 out of 5 stars,https://m.media-amazon.com/images/I/51tzz6Ib+PL._AC_UL320_.jpg
Track Pant for Men (GL-TP-1017-XL-BLACK),399,100+ bought in past month,6,5.0 out of 5 stars,https://m.media-amazon.com/images/I/61YUpMgZ+nL._AC_UL320_.jpg
Men's Sports Regular Fit Lycra Track Pant with Two Side Pockets,687,M.R.P:,36,3.4 out of 5 stars,https://m.media-amazon.com/images/I/51hLi4RTeJL._AC_UL320_.jpg
Men's Regular Pants,269,M.R.P:,5,2.1 out of 5 stars,https://m.media-amazon.com/images/I/61OUPH+cr5L._AC_UL320_.jpg
Trouser Pant for Men | Track Pant for Men Loose Fit | Sports Track Pant for Men | Track Pant Men | Men Stylish Track Pant,399,800+ bought in past month,681,3.7 out of 5 stars,https://m.media-amazon.com/images/I/51rgGjt-lnL._AC_UL320_.jpg
Men's Slim Casual Pants,"1,149",M.R.P:,83,3.9 out of 5 stars,https://m.media-amazon.com/images/I/51HQeeg4-sL._AC_UL320_.jpg
Men's Regular Casual Pants,449,M.R.P:,143,4.7 out of 5 stars,https://m.media-amazon.com/images/I/81wEtlsPLRL._AC_UL320_.jpg
Stretchable Lycra Stylish Cargo Pant for Men | Regular Slim Fit | Men's Stretchable Cargos with 5 Pockets | Mens Street Wear Casual Trouser Pants,599,M.R.P:,46,4.8 out of 5 stars,https://m.media-amazon.com/images/I/61ID+ykE9dL._AC_UL320_.jpg
"Women's High Waist Regular Fit Trouser, Elastic Staright Pants, for Office Work & Casual wear (Virat Pant-8)",298,M.R.P:,231,3.4 out of 5 stars,https://m.media-amazon.com/images/I/51j+d-kFcKL._AC_UL320_.jpg
Track Pant for Men | Trouser Pant for Men | Track Pant for Men Loose Fit | Sports Track Pant for Men | Track Pant Men | Men Stylish Track Pant,369,50+ bought in past month,123,4.1 out of 5 stars,https://m.media-amazon.com/images/I/61jPP5eo-zL._AC_UL320_.jpg
Women's & Girls' Solid High Waist with Pockets Cargo Pants,569,100+ bought in past month,"1,091",3.6 out of 5 stars,https://m.media-amazon.com/images/I/61c0YM3aMPL._AC_UL320_.jpg
"Track Pant for Men Slim Fit Joggers for Men for Running, Gym Sports Lower for Men & Boys | Track Pants for Men | Mens Lower | Trousers,",399,100+ bought in past month,4,4.5 out of 5 stars,https://m.media-amazon.com/images/I/41zKXanPdJL._AC_UL320_.jpg
Men's Regular Fit Track pants(Pack of 2),599,200+ bought in past month,"8,352",3.8 out of 5 stars,https://m.media-amazon.com/images/I/71MwNdwIc1L._AC_UL320_.jpg
Luxury Stretchable Casual Pants for Men | Stylish Slim Fit Men's Wear Trousers for Office | Mens Fashion | Modern Mens Trouser,499,M.R.P:,65,4.3 out of 5 stars,https://m.media-amazon.com/images/I/61zytfOkZaL._AC_UL320_.jpg
9500 Men's Super Combed Cotton Rich Regular Fit Trackpants with Side Pockets,999,100+ bought in past month,"7,911",4.2 out of 5 stars,https://m.media-amazon.com/images/I/61H2fYPv4BL._AC_UL320_.jpg
Women Polyester Blend Solid Trousers,259,1K+ bought in past month,"7,641",3.7 out of 5 stars,https://m.media-amazon.com/images/I/51Clvs6gtYL._AC_UL320_.jpg
Boy's Regular Fit Cotton Blend Track Pant,419,100+ bought in past month,663,4.3 out of 5 stars,https://m.media-amazon.com/images/I/51QTZIfWlQL._AC_UL320_.jpg
Men's Slim Pants,"1,249",50+ bought in past month,44,3.8 out of 5 stars,https://m.media-amazon.com/images/I/513NuJFVT5L._AC_UL320_.jpg
Men Cargo || Men Cargo Pants || Men Cargo Pants Cotton || Cargos for Men (Army),549,100+ bought in past month,346,3.7 out of 5 stars,https://m.media-amazon.com/images/I/612kLKWfZ2L._AC_UL320_.jpg
Men Regular Fit Pants,"1,449",M.R.P:,6,2.5 out of 5 stars,https://m.media-amazon.com/images/I/51PhTkOSmVL._AC_UL320_.jpg
Men Cargo || Men Cargo Pants || Men Cargo Pants Cotton || Cargos for Men (Cargo-13-16),549,M.R.P:,237,4.1 out of 5 stars,https://m.media-amazon.com/images/I/61fzN+ynzYL._AC_UL320_.jpg
Men's Stretchable Casual Pants | Scoop Pocket Chinos | Trousers (Slim Fit),699,M.R.P:,"6,065",3.7 out of 5 stars,https://m.media-amazon.com/images/I/61xKRetXvrL._AC_UL320_.jpg
Men's Cotton Slim Fit Casual Chinos Trousers Stretch,595,M.R.P:,"8,640",3.6 out of 5 stars,https://m.media-amazon.com/images/I/51JzfVixyWL._AC_UL320_.jpg
Men's Slim Fit Track pants,449,100+ bought in past month,"17,861",4.0 out of 5 stars,https://m.media-amazon.com/images/I/61WPZm45LPL._AC_UL320_.jpg
Men Cargo || Men Cargo Pants || Men Cargo Pants Cotton || Cargos for Men (Cargo-42-45),549,M.R.P:,82,4.9 out of 5 stars,https://m.media-amazon.com/images/I/61Po+kPFixL._AC_UL320_.jpg
Men Cargo || Men Cargo Pants || Men Cargo Pants Cotton || Cargos for Men (Cargo-30-33),599,M.R.P:,270,4.3 out of 5 stars,https://m.media-amazon.com/images/I/61g3bHDQAPL._AC_UL320_.jpg
Trouser Pant for Men | Track Pant for Men Loose Fit | Sports Track Pant for Men | Track Pant Men | Men Stylish Track Pant,379,1K+ bought in past month,252,3.9 out of 5 stars,https://m.media-amazon.com/images/I/51q+2tyUemL._AC_UL320_.jpg
Track Pant for Men (GL-TP-1017-M-BLACK),379,50+ bought in past month,3,5.0 out of 5 stars,https://m.media-amazon.com/images/I/61YUpMgZ+nL._AC_UL320_.jpg
"Men's Cotton Shorts Boxers, Pack of 5 - Multicolor",452,100+ bought in past month,"4,901",3.1 out of 5 stars,https://m.media-amazon.com/images/I/61-SdlvedhL._AC_UL320_.jpg
Men Cargo || Men Cargo Pants || Men Cargo Pants Cotton || Cargos for Men (Cargo-01-04),499,700+ bought in past month,"6,908",3.6 out of 5 stars,https://m.media-amazon.com/images/I/51NSC2qvOxL._AC_UL320_.jpg
"Cotton Printed Track Pant for Boys and Girls - Cuffed Angle and Loose Fit Pants for Girls, Pack of 5",589,M.R.P:,"2,162",4.0 out of 5 stars,https://m.media-amazon.com/images/I/616dp2FJPkL._AC_UL320_.jpg
Boy's Regular Fit Track Pants,429,M.R.P:,313,4.1 out of 5 stars,https://m.media-amazon.com/images/I/71BAmkkfg-L._AC_UL320_.jpg
Stretchable Formal Pants for Plus Size Men | Stylish Slim Fit Luxury PV Lycra Men's Wear Trousers for Office or Party | Mens Fashion Dress Trouser Pant,"1,599",M.R.P:,47,3.9 out of 5 stars,https://m.media-amazon.com/images/I/71+gdHRSEAL._AC_UL320_.jpg
Cotton Pajama Pants with All Over Print for Boys and Girls (Multicolor Designs)(Regular Fit)(Pack of 5),649,50+ bought in past month,"14,506",4.0 out of 5 stars,https://m.media-amazon.com/images/I/41ktvpZIZeL._AC_UL320_.jpg
"Men Combo Track Pant with Lycra Elastic Jogger Suitable for Active Wear, Jogger Yoga Wear, Sports (Pack of 2)",379,50+ bought in past month,896,3.8 out of 5 stars,https://m.media-amazon.com/images/I/41MoTfPGm4L._AC_UL320_.jpg
Trouser Pant for Men | Track Pant for Men Loose Fit | Sports Track Pant for Men | Track Pant Men | Men Stylish Track Pant,399,300+ bought in past month,252,3.9 out of 5 stars,https://m.media-amazon.com/images/I/51q+2tyUemL._AC_UL320_.jpg
Men's Solid Super Slim Fit Front Knit Trouser,"1,099",100+ bought in past month,222,4.1 out of 5 stars,https://m.media-amazon.com/images/I/61OZ6kPXbzL._AC_UL320_.jpg
Men Regular Fit Pants,349,100+ bought in past month,824,3.7 out of 5 stars,https://m.media-amazon.com/images/I/51i6EbpulvL._AC_UL320_.jpg
Women Casual Slanted Pocket Elastic Waist Tapered Pants,369,M.R.P:,75,4.4 out of 5 stars,https://m.media-amazon.com/images/I/61kCNbuj7uL._AC_UL320_.jpg
"Polyester Men's Joggers Regular Fit Stretchable Gym, Sports & Yoga Wear | Joggers for Men | Track Pant for Men",249,M.R.P:,93,3.3 out of 5 stars,https://m.media-amazon.com/images/I/61wafn3oJBL._AC_UL320_.jpg
Girls Regular Fit Track Pants,250,50+ bought in past month,"1,496",4.1 out of 5 stars,https://m.media-amazon.com/images/I/719Im1Y1OXL._AC_UL320_.jpg
Dry Fit Men's Athletic Track Pant with Zipper Pockets,379,M.R.P:,12,4.8 out of 5 stars,https://m.media-amazon.com/images/I/71LsCj3AjVL._AC_UL320_.jpg
Solid Women's Relaxed Fit Wide Legs Track Pant,548,100+ bought in past month,105,4.0 out of 5 stars,https://m.media-amazon.com/images/I/81xqz4Hc60L._AC_UL320_.jpg
"Mens Baggy fit Jogger/Sweatpants/Gym Gear, Trouser, Loose Home Relaxed Pants",499,50+ bought in past month,5,4.3 out of 5 stars,https://m.media-amazon.com/images/I/514AIl3CzHL._AC_UL320_.jpg
Men's Slim Casual Pants,799,M.R.P:,"4,749",4.2 out of 5 stars,https://m.media-amazon.com/images/I/61oMuIaIVwL._AC_UL320_.jpg
Women's & Girls' High Waist Korean Baggy Loose Loose Pants,573,50+ bought in past month,"1,438",3.2 out of 5 stars,https://m.media-amazon.com/images/I/61CiZ90um9L._AC_UL320_.jpg
Men Cargo Pants,369,M.R.P:,231,4.1 out of 5 stars,https://m.media-amazon.com/images/I/71ueMkgx7KL._AC_UL320_.jpg
Men's Slim Work Utility Pants,899,50+ bought in past month,68,3.3 out of 5 stars,https://m.media-amazon.com/images/I/51td7vvLcJL._AC_UL320_.jpg
"Men Combo Track Pant with Lycra Elastic Jogger Suitable for Active Wear, Jogger Yoga Wear, Sports (Pack of 2)",379,200+ bought in past month,896,3.8 out of 5 stars,https://m.media-amazon.com/images/I/41tC6RU26KL._AC_UL320_.jpg
Track Pant for Men | Trouser Pant for Men | Track Pant for Men Loose Fit | Sports Track Pant for Men | Track Pant Men | Men Stylish Track Pant,339,M.R.P:,71,4.7 out of 5 stars,https://m.media-amazon.com/images/I/51LrecDSvJL._AC_UL320_.jpg
Women's Solid Stretch Waffle Straight Pants,579,100+ bought in past month,141,4.3 out of 5 stars,https://m.media-amazon.com/images/I/81ox4uUvXjL._AC_UL320_.jpg
Cargo for Men | Men Cargo Pants | Men Cargo Pants Cotton | Men Cargo | Trousers for Men | Baggy Cargo Pants for Men | Cargos for Men,529,M.R.P:,21,4.6 out of 5 stars,https://m.media-amazon.com/images/I/513NE7uopyL._AC_UL320_.jpg
Women's Relaxed Fit Printed Pyjamas Lounge Pants,378,M.R.P:,215,3.6 out of 5 stars,https://m.media-amazon.com/images/I/719gVa3AEFL._AC_UL320_.jpg
"Yoga Pants for Women, Track Pants for Women, Lower for Women, Pyjama for Women, Polyester Lower for Women, Women Lower, Women Comfort-Fit High Waist Flared Yoga Pants",571,50+ bought in past month,388,3.9 out of 5 stars,https://m.media-amazon.com/images/I/514WU7wgRXL._AC_UL320_.jpg
Men Cargo || Men Cargo Pants || Men Cargo Pants Cotton || Cargos for Men (Cargo-01-04),499,200+ bought in past month,"6,908",3.6 out of 5 stars,https://m.media-amazon.com/images/I/61Ws1UdFKxL._AC_UL320_.jpg
Men Regular Fit Pants,"1,149",M.R.P:,69,3.6 out of 5 stars,https://m.media-amazon.com/images/I/51KTWmiyCIL._AC_UL320_.jpg
McHenry Men's Solid Formal Regular Fit Wrinkle Free PolyViscose Trousers,799,50+ bought in past month,"8,647",3.7 out of 5 stars,https://m.media-amazon.com/images/I/8107q7wtOvL._AC_UL320_.jpg
McHenry Men's Wrinkle Free Polyester Blended Stretchable Self Design Formal Regular Fit Trousers,799,M.R.P:,527,3.6 out of 5 stars,https://m.media-amazon.com/images/I/613V9+dUvhL._AC_UL320_.jpg
Boy's Regular Fit Track Pants(Pack of 5),489,50+ bought in past month,"12,988",4.1 out of 5 stars,https://m.media-amazon.com/images/I/71rCnK1Wc5L._AC_UL320_.jpg
Men Cargo || Men Cargo Pants || Men Cargo Pants Cotton || Cargos for Men (Cargo-09-12),549,400+ bought in past month,"2,142",3.7 out of 5 stars,https://m.media-amazon.com/images/I/61tfGGTP2UL._AC_UL320_.jpg
Men's Soft Cotton Regular-fit Mid-Rise Casual Pants (SIGPANT),693,M.R.P:,118,3.7 out of 5 stars,https://m.media-amazon.com/images/I/71JEPbEHBnL._AC_UL320_.jpg
Men's Slim Fit Flexi Waist Casual Pants,"1,799",M.R.P:,411,4.2 out of 5 stars,https://m.media-amazon.com/images/I/71nvyIapqYL._AC_UL320_.jpg
Men's Trouser II Men's Regular Casual Pants II Men's Regular Fit Casual Trouser (Trousers-120),284,M.R.P:,136,4.1 out of 5 stars,https://m.media-amazon.com/images/I/61xs2GCa7hL._AC_UL320_.jpg
Men's Slim Fit Stretch Knit Pants - Smart Casual | Flexi Waist,"1,399",M.R.P:,104,4.3 out of 5 stars,https://m.media-amazon.com/images/I/611c0X4N5GL._AC_UL320_.jpg
Men Cargo Pants,649,M.R.P:,231,4.1 out of 5 stars,https://m.media-amazon.com/images/I/71ZeSkSNGFL._AC_UL320_.jpg
Men's Stretchable Casual Pants | Slant Pocket Chinos | Stylish Elastic Trousers (Slim Fit) Office or Party | Fashion Trouser with Expandable Waistband & Anti-Slip Gripper,749,M.R.P:,5,5.0 out of 5 stars,https://m.media-amazon.com/images/I/51TiGQ6BRQL._AC_UL320_.jpg
Men Regular Fit Casual Pants,899,50+ bought in past month,2,5.0 out of 5 stars,https://m.media-amazon.com/images/I/51BLJUy9E8L._AC_UL320_.jpg
Men's Fleece Jogger Regular Pants For Winterwear,599,50+ bought in past month,76,4.2 out of 5 stars,https://m.media-amazon.com/images/I/71nRFuL2fVL._AC_UL320_.jpg
Men's Loose Baggy Jeans,599,200+ bought in past month,"1,086",3.7 out of 5 stars,https://m.media-amazon.com/images/I/71gHEC8+QJL._AC_UL320_.jpg
Men Cargo pant,549,M.R.P:,67,3.6 out of 5 stars,https://m.media-amazon.com/images/I/610k5rWyOsL._AC_UL320_.jpg
Men's Regular Fit Causal Trouser,399,50+ bought in past month,"2,108",3.9 out of 5 stars,https://m.media-amazon.com/images/I/51Zi8fZ37KL._AC_UL320_.jpg
Mens Cotton Rich Regular Fit Track Pants,449,M.R.P:,"6,668",3.8 out of 5 stars,https://m.media-amazon.com/images/I/71WygQ83NVL._AC_UL320_.jpg
"Lycra Soild With Pocket Regular Fit Track Pant For Men Suitable Jogger Gym Wear, Dancing, Running, Yoga",309,100+ bought in past month,184,4.5 out of 5 stars,https://m.media-amazon.com/images/I/51lu08zmadL._AC_UL320_.jpg
Men's Regular Fit Polyester Trekking And Hiking Pants And Trousers,899,M.R.P:,307,3.6 out of 5 stars,https://m.media-amazon.com/images/I/71E0860E-mL._AC_UL320_.jpg
Men's Slim Work Utility Pants,899,M.R.P:,8,3.8 out of 5 stars,https://m.media-amazon.com/images/I/51ycAL7o01L._AC_UL320_.jpg
Unisex Baby Unisex Baby Baby Cotton Snug Soft Pants/Diaper Fit/Pyjama/Leggings(Pack of 7) - Multicolor,448,200+ bought in past month,127,4.2 out of 5 stars,https://m.media-amazon.com/images/I/61HplYdIjdL._AC_UL320_.jpg
Women Casual Slanted Pocket Elastic Waist Tapered Pants,499,M.R.P:,22,3.8 out of 5 stars,https://m.media-amazon.com/images/I/61d8LFGtwBL._AC_UL320_.jpg
"Boldfit Track Pant for Men Slim Fit Joggers for Men for Running, Gym Sports Lower for Men & Boys Summer Track Pants for Men Multipurpose Mens Lower Activewear Trousers, Night Pants for Men -Black M",899,500+ bought in past month,908,4.2 out of 5 stars,https://m.media-amazon.com/images/I/519X02vsiPL._AC_UL320_.jpg
Straight Fit Jeans For Men || Men Jeans Pants || Denim Jeans || Baggy Jeans For Men (04-05),679,100+ bought in past month,205,3.0 out of 5 stars,https://m.media-amazon.com/images/I/71oiC9Jk-+L._AC_UL320_.jpg
Women Regular Fit Pants,999,100+ bought in past month,105,4.4 out of 5 stars,https://m.media-amazon.com/images/I/41df3JUdoRL._AC_UL320_.jpg
Men's Regular Casual Pants,799,M.R.P:,"1,327",3.4 out of 5 stars,https://m.media-amazon.com/images/I/51kzk787drL._AC_UL320_.jpg
Men Cargo || Men Cargo Pants || Men Cargo Pants Cotton || Cargos for Men (Cargo-01-04),499,700+ bought in past month,"6,908",3.6 out of 5 stars,https://m.media-amazon.com/images/I/51FICIl4KjL._AC_UL320_.jpg
Men's Trouser II Men's Regular Casual Pants II Men's Regular Fit Casual Trouser (Trousers-120),284,M.R.P:,136,4.1 out of 5 stars,https://m.media-amazon.com/images/I/61xs2GCa7hL._AC_UL320_.jpg
"Amazon Brand - Supples Premium Diapers, New Born/X-Small (NB/XS), 80 Count, 0-5 Kg, 12 hrs Absorption Baby Diaper Pants",495,1K+ bought in past month,"65,342",3.9 out of 5 stars,https://m.media-amazon.com/images/I/71oLl1xyKnL._AC_UL320_.jpg
Women & Girls' Solid Oversized Wide Leg Baggy Korean Pants Trousers,417,50+ bought in past month,240,3.4 out of 5 stars,https://m.media-amazon.com/images/I/619TdBD0CcL._AC_UL320_.jpg
Men's Slim Fit Flexi Waist Casual Pants,"1,699",M.R.P:,411,4.2 out of 5 stars,https://m.media-amazon.com/images/I/71nvyIapqYL._AC_UL320_.jpg
Women's Relaxed Fit Cargo Joggers Pant,459,50+ bought in past month,179,4.0 out of 5 stars,https://m.media-amazon.com/images/I/61wk88aG6uL._AC_UL320_.jpg
Pants for Kids Baby Pants Pyjamas Combo Pack,499,100+ bought in past month,"5,500",3.9 out of 5 stars,https://m.media-amazon.com/images/I/510LtZH8cPL._AC_UL320_.jpg
Women's Silk Blend Relaxed Fit Wide Legs Track Pant,359,M.R.P:,19,2.9 out of 5 stars,https://m.media-amazon.com/images/I/71bU055RzvL._AC_UL320_.jpg
Women The Ultimate Flare Pants with 4 Pockets: High-Waisted & Polyester,"1,199",100+ bought in past month,759,4.3 out of 5 stars,https://m.media-amazon.com/images/I/314n30gvscL._AC_UL320_.jpg
Men's Solid Drawstring Waist Flap Pocket Side Cargo Pants…,649,M.R.P:,305,3.2 out of 5 stars,https://m.media-amazon.com/images/I/61AMuu0CAUL._AC_UL320_.jpg
Women's Regular Fit Pants Dt-Tr772,289,50+ bought in past month,348,3.7 out of 5 stars,https://m.media-amazon.com/images/I/510N7hpBSDL._AC_UL320_.jpg
Men Jeans || Men Jeans Pants || Denim Jeans || Baggy Jeans for Men (Jeans-06-07-08),599,400+ bought in past month,897,3.7 out of 5 stars,https://m.media-amazon.com/images/I/81WzIbilc9L._AC_UL320_.jpg
Women's Skinny Fit Leggings,369,100+ bought in past month,"6,066",4.0 out of 5 stars,https://m.media-amazon.com/images/I/51t33kKYFVL._AC_UL320_.jpg
Men's Regular Fit Trackpants,299,50+ bought in past month,"3,235",3.5 out of 5 stars,https://m.media-amazon.com/images/I/5137SFdCROL._AC_UL320_.jpg
"Cotton Printed Track Pant for Boys and Girls - Cuffed Angle and Loose Fit Pants for Girls, Pack of 5",589,M.R.P:,"2,162",4.0 out of 5 stars,https://m.media-amazon.com/images/I/616dp2FJPkL._AC_UL320_.jpg
Women's Pants,329,50+ bought in past month,"6,252",4.0 out of 5 stars,https://m.media-amazon.com/images/I/71Jz4HSGyEL._AC_UL320_.jpg
Men Regular Fit Solid Superior Comfort with Extra Stretch Formal Trouser,"1,279",M.R.P:,29,3.5 out of 5 stars,https://m.media-amazon.com/images/I/51Zi4mFRnzL._AC_UL320_.jpg
100% Girls Cotton Printed Track Pants (Pack of 3),429,50+ bought in past month,"2,488",3.9 out of 5 stars,https://m.media-amazon.com/images/I/515QhHcihtL._AC_UL320_.jpg
Men's Casual Cotton Pants | Scoop Pocket Chinos | Trousers (Regular Fit),629,M.R.P:,"11,492",3.5 out of 5 stars,https://m.media-amazon.com/images/I/712z9RL61bL._AC_UL320_.jpg
Men's Stretchable Formal Pants | Trousers (Slim Fit),649,M.R.P:,"16,560",3.7 out of 5 stars,https://m.media-amazon.com/images/I/61JxxjR61XL._AC_UL320_.jpg
Men's Solid Regular Fit Joggers,"1,049",M.R.P:,1,5.0 out of 5 stars,https://m.media-amazon.com/images/I/51SVoqfoN0L._AC_UL320_.jpg
Women Casual Pants,399,M.R.P:,96,3.5 out of 5 stars,https://m.media-amazon.com/images/I/41agZSDNjaL._AC_UL320_.jpg
Men's Solid Cotton Textile Pajama Pant Lower,899,M.R.P:,411,3.8 out of 5 stars,https://m.media-amazon.com/images/I/61SkHiYWvdL._AC_UL320_.jpg
"Little's Baby Diapers M Size (Medium) Pants Style | 7-12 kg | 64 Count - Pack of 2 | CottonSoft Baby Diaper with Leakage Guard, Wetness Indicator & 12 Hours Absorption",524,3K+ bought in past month,"75,827",4.0 out of 5 stars,https://m.media-amazon.com/images/I/71B-+FxERYL._AC_UL320_.jpg
Cotton Pajama Pants with All Over Print for Boys and Girls (Multicolor Designs)(Regular Fit)(Pack of 5),569,100+ bought in past month,"14,506",4.0 out of 5 stars,https://m.media-amazon.com/images/I/81rtGqr3WVL._AC_UL320_.jpg
Men Regular Fit Pants,"1,189",M.R.P:,69,3.6 out of 5 stars,https://m.media-amazon.com/images/I/51yaOO9DRAL._AC_UL320_.jpg
"Men Combo Track Pant with Lycra Elastic Jogger Suitable for Active Wear, Jogger Yoga Wear, Sports (Pack of 2)",379,100+ bought in past month,896,3.8 out of 5 stars,https://m.media-amazon.com/images/I/41tC6RU26KL._AC_UL320_.jpg
McHenry Men's Solid Formal Regular Fit Wrinkle Free PolyViscose Trousers,799,M.R.P:,"8,647",3.7 out of 5 stars,https://m.media-amazon.com/images/I/71A+njopkfL._AC_UL320_.jpg
Men's Slim Fit Stretch Knit Pants - Smart Casual | Flexi Waist,"1,399",M.R.P:,104,4.3 out of 5 stars,https://m.media-amazon.com/images/I/71roJPdmbSL._AC_UL320_.jpg
Men's Lycra Blend Regular Fit Causal Trouser Pants,299,M.R.P:,42,3.3 out of 5 stars,https://m.media-amazon.com/images/I/51kfHmBjqCL._AC_UL320_.jpg
Men's Casual Cotton Pants | Scoop Pocket Chinos | Trousers (Regular Fit),629,M.R.P:,"11,492",3.5 out of 5 stars,https://m.media-amazon.com/images/I/81rHWBHIOyL._AC_UL320_.jpg
Men's Sports Regular Fit Lycra Track Pant with Two Side Pockets,399,M.R.P:,24,3.3 out of 5 stars,https://m.media-amazon.com/images/I/31vy0eUSZtL._AC_UL320_.jpg
Men's Comfortable Lounge Pants,"1,022",M.R.P:,8,3.5 out of 5 stars,https://m.media-amazon.com/images/I/61K5FFKpSnL._AC_UL320_.jpg
"Stylish Solid Polyester Blend Track Pant for Men, Pack of 2",399,M.R.P:,14,3.3 out of 5 stars,https://m.media-amazon.com/images/I/613tynckthL._AC_UL320_.jpg
Trouser for Men,349,M.R.P:,"1,363",4.1 out of 5 stars,https://m.media-amazon.com/images/I/51lBRcXa4SL._AC_UL320_.jpg
Men Regular Fit Pajama Bottom,719,M.R.P:,"3,995",3.9 out of 5 stars,https://m.media-amazon.com/images/I/51FeNKCNQwL._AC_UL320_.jpg
Women's High-Waisted Pant |Bell Bottom Trendy Retro-Chic Trousers - Perfect for Every Occasion,272,100+ bought in past month,275,4.0 out of 5 stars,https://m.media-amazon.com/images/I/41DbwYUdtXL._AC_UL320_.jpg
Kurti Pant (Free Size) Black,329,200+ bought in past month,435,4.1 out of 5 stars,https://m.media-amazon.com/images/I/61k4Xy8b8gL._AC_UL320_.jpg
Gym wear Mesh Leggings Workout Pants with Side Pockets/Stretchable Tights/Highwaist Sports Fitness Yoga Track Pants for Women & Girls_2012,369,300+ bought in past month,"5,133",4.2 out of 5 stars,https://m.media-amazon.com/images/I/61OZ2jbO7pL._AC_UL320_.jpg
"Track Pants for Men: Regular Fit Cotton Blend Lower with 2 Side Zipper Pockets, Back Pocket - Your Go-to for Running, Gym, and Comfortable Style.",499,M.R.P:,"11,704",3.9 out of 5 stars,https://m.media-amazon.com/images/I/51EVmn6GpaL._AC_UL320_.jpg
Women's Sloane Tailored Pant,899,M.R.P:,4,3.4 out of 5 stars,https://m.media-amazon.com/images/I/61ehQhxRfkL._AC_UL320_.jpg
Men Cargo || Men Cargo Pants || Men Cargo Pants Cotton || Cargos for Men (TP-12-15),437,M.R.P:,232,3.3 out of 5 stars,https://m.media-amazon.com/images/I/61y3y0IpYqL._AC_UL320_.jpg
Women's Stretch Fit Yoga Pants,429,200+ bought in past month,"8,552",4.0 out of 5 stars,https://m.media-amazon.com/images/I/61R68xlxbnL._AC_UL320_.jpg
Trousers for Women | Women Trousers | Women's High-Waisted Pant | Women Trousers Pants | Korean Trousers for Women,339,M.R.P:,"2,578",3.6 out of 5 stars,https://m.media-amazon.com/images/I/51Z6ckrnQrL._AC_UL320_.jpg
Women Solid Stretch Staight Pants,599,M.R.P:,88,3.9 out of 5 stars,https://m.media-amazon.com/images/I/61T91QP6e0L._AC_UL320_.jpg
8820 Men's Super Combed Cotton Round Neck Sleeveless Vest with Extended Length for Easy Tuck (Pack of 3),650,2K+ bought in past month,"8,190",4.3 out of 5 stars,https://m.media-amazon.com/images/I/81MfjxIbRsL._AC_UL320_.jpg
Men's Solid Super Slim Fit Front Knit Trouser,960,50+ bought in past month,222,4.1 out of 5 stars,https://m.media-amazon.com/images/I/51+KtL2DjqL._AC_UL320_.jpg
Trouser Pant for Men | Track Pant for Men Loose Fit | Sports Track Pant for Men | Track Pant Men | Men Stylish Track Pant,339,600+ bought in past month,252,3.9 out of 5 stars,https://m.media-amazon.com/images/I/51q+2tyUemL._AC_UL320_.jpg
McHenry Men's Stretchable Wrinkle Free self Design Formal Trousers for Men,799,M.R.P:,157,3.7 out of 5 stars,https://m.media-amazon.com/images/I/71k+p5uFMWL._AC_UL320_.jpg
McHenry Mens' Regular Fit Poly Blended Checkered Formal Trousers,799,M.R.P:,"1,668",3.6 out of 5 stars,https://m.media-amazon.com/images/I/61lfvywdgHL._AC_UL320_.jpg
"KareMed Comfort Adult Diaper Pants, Medium 75-100 Cm (30""- 40""), 10 Count, Unisex, Leakproof, Elastic Waist, Wetness Indicator",218,4K+ bought in past month,732,4.1 out of 5 stars,https://m.media-amazon.com/images/I/71bECAHRw1L._AC_UL320_.jpg
100% Woven Cotton Fabric Kurti Pant/Trousers with Functional Pocket for Women,599,N/A,102,3.9 out of 5 stars,https://m.media-amazon.com/images/I/51DGWmZdrhL._AC_UL320_.jpg
Men's Slim Fit Flexi Waist Casual Pants,"1,799",M.R.P:,411,4.2 out of 5 stars,https://m.media-amazon.com/images/I/71DKPEImteL._AC_UL320_.jpg
Men's Trouser II Men's Regular Casual Pants II Men's Regular Fit Casual Trouser (Trousers-120),284,M.R.P:,136,4.1 out of 5 stars,https://m.media-amazon.com/images/I/61VhkEAKfYL._AC_UL320_.jpg
Men's Slim Fit Stretch Knit Pants - Smart Casual | Flexi Waist,"1,399",M.R.P:,104,4.3 out of 5 stars,https://m.media-amazon.com/images/I/61Chb1dL6+L._AC_UL320_.jpg
Men Cargo || Men Cargo Pants || Men Cargo Pants Cotton || Cargos for Men (Cargo-30-33),599,100+ bought in past month,270,4.3 out of 5 stars,https://m.media-amazon.com/images/I/61SVBzBmAkL._AC_UL320_.jpg
Cotton Pajama Pants with All Over Print for Boys and Girls (Multicolor Designs)(Regular Fit)(Pack of 5),799,"(₹3,99,500₹3,99,500/100 g)","14,506",4.0 out of 5 stars,https://m.media-amazon.com/images/I/41ktvpZIZeL._AC_UL320_.jpg
Men Cargo || Men Cargo Pants || Men Cargo Pants Cotton || Cargos for Men (Cago-22-25),519,100+ bought in past month,258,4.1 out of 5 stars,https://m.media-amazon.com/images/I/61IEeJb0zsL._AC_UL320_.jpg
"MamyPoko Pants Standard Baby Diapers, Medium (M), 52 Count, 7-12kg",599,200+ bought in past month,"27,983",4.1 out of 5 stars,https://m.media-amazon.com/images/I/71ESbcqLfaL._AC_UL320_.jpg
Mid-Rise Solid Metallic Straight Pants with Functional Pockets for Women,599,N/A,192,3.7 out of 5 stars,https://m.media-amazon.com/images/I/518a5bDfHcL._AC_UL320_.jpg
(Combo Ravishing Glamarours Cotton Stretchable Casual Cigarette Lycra Pants for Girls/Ladies/Women,389,M.R.P:,423,3.6 out of 5 stars,https://m.media-amazon.com/images/I/51iI6KgqofL._AC_UL320_.jpg
Men Regular Fit Casual Pants,899,M.R.P:,1,4.0 out of 5 stars,https://m.media-amazon.com/images/I/51VYZreQCYL._AC_UL320_.jpg
Track Pant for Men || Track Pants || Plain Track Pant (TP-20-24),437,M.R.P:,392,4.0 out of 5 stars,https://m.media-amazon.com/images/I/51lrtnihRuL._AC_UL320_.jpg
Men's Reguler Fit Polycotton Trouser Pant's Formal Trouser Casual Trouser Pant,499,50+ bought in past month,148,3.9 out of 5 stars,https://m.media-amazon.com/images/I/513zdCLu7UL._AC_UL320_.jpg
Men's Slim Fit Track Pants,398,50+ bought in past month,"3,999",4.1 out of 5 stars,https://m.media-amazon.com/images/I/61yfHQZPDoL._AC_UL320_.jpg
Men's Slim Pants,"1,029",M.R.P:,46,3.8 out of 5 stars,https://m.media-amazon.com/images/I/513D7gip-PL._AC_UL320_.jpg
Men Regular Fit Casual Pants,"1,919",M.R.P:,3,3.6 out of 5 stars,https://m.media-amazon.com/images/I/51W7c8ISOSL._AC_UL320_.jpg
Men's Trousers Light Business Style Slightly Stretch Straight Leg Pants for Outdoor Casual Daily Trouser II Men's Regular Casual Pants Trouser (Trouser 126),738,M.R.P:,148,3.7 out of 5 stars,https://m.media-amazon.com/images/I/61BagBJnzQL._AC_UL320_.jpg
"Solid Cotton Men's Casual Cargo Pant, Tapered Fit, Mid Rise, Ankle Length Multi-Pocket Stretchable Cargos for Men, Trousers",869,M.R.P:,"1,011",3.6 out of 5 stars,https://m.media-amazon.com/images/I/51JEAdK1YlL._AC_UL320_.jpg
Men Printed Cotton Blend Slim Fit Regular Cargo Joggers,699,M.R.P:,271,3.9 out of 5 stars,https://m.media-amazon.com/images/I/517PzWn20XL._AC_UL320_.jpg
Women's Solid Comfort Fit Cotton Joggers Track Pant,569,M.R.P:,52,4.3 out of 5 stars,https://m.media-amazon.com/images/I/71VQQmURnUL._AC_UL320_.jpg
Cotton Multi-Pocket Cargo Pant for Women,479,M.R.P:,149,4.4 out of 5 stars,https://m.media-amazon.com/images/I/41Tu5CFFnmL._AC_UL320_.jpg
Boys Track Pants(Pack of 4),539,M.R.P:,323,3.9 out of 5 stars,https://m.media-amazon.com/images/I/81JhTlPEwIL._AC_UL320_.jpg
"Little's Baby Diapers XXL Size | Pants Style | 15-25 kg | 44 Count - Pack of 2 | CottonSoft Baby Diaper with Leakage Guard, Wetness Indicator & 12 Hours Absorption",525,6K+ bought in past month,"75,827",4.0 out of 5 stars,https://m.media-amazon.com/images/I/71Vfe2OafFL._AC_UL320_.jpg
Men's Regular Fit Polyester Track Pant,349,M.R.P:,923,3.2 out of 5 stars,https://m.media-amazon.com/images/I/51tqZnbSGkL._AC_UL320_.jpg
Men's Slim Casual Pants,939,50+ bought in past month,24,4.1 out of 5 stars,https://m.media-amazon.com/images/I/51RXbWExbhL._AC_UL320_.jpg
Men Regular Fit Pants,899,M.R.P:,1,5.0 out of 5 stars,https://m.media-amazon.com/images/I/5127Fmrib5L._AC_UL320_.jpg
Boys Regular Fit Blended Cotton Stylish Track Pants - Pack of 3,719,M.R.P:,292,3.7 out of 5 stars,https://m.media-amazon.com/images/I/61scsWzNswL._AC_UL320_.jpg
Men Cargo || Men Cargo Pants || Men Cargo Pants Cotton || Cargos for Men (Cargo-26-29),499,300+ bought in past month,250,4.4 out of 5 stars,https://m.media-amazon.com/images/I/61mbTZ7kTBL._AC_UL320_.jpg
Men's Regular Fit Joggers Track Pant,380,M.R.P:,"1,048",4.0 out of 5 stars,https://m.media-amazon.com/images/I/519DOK5D4IL._AC_UL320_.jpg
Women AM PM Cotton Straight Pants | Wide Waistband | High Rise | Drawstring | 2 Pockets,"1,249",50+ bought in past month,101,4.0 out of 5 stars,https://m.media-amazon.com/images/I/31h81ujYXwL._AC_UL320_.jpg
9510 Men's Super Combed Cotton Rich Slim Fit Trackpants with Side and Back Pockets,"1,199",50+ bought in past month,"5,913",4.1 out of 5 stars,https://m.media-amazon.com/images/I/71dvF57HsnL._AC_UL320_.jpg
Women's High-Waisted Pant Bell Bottom Trendy Retro-Chic Classic Fit Trousers - Perfect For Every Occasion,299,M.R.P:,333,3.9 out of 5 stars,https://m.media-amazon.com/images/I/51MzfM-Jm0L._AC_UL320_.jpg
Slim Fit Stretchable Jeans for Men | Mens Denim Cotton Pants | Stylish Ankle Length Jean,"1,999",M.R.P:,335,3.9 out of 5 stars,https://m.media-amazon.com/images/I/41VRGCB7trL._AC_UL320_.jpg
Women's Regular Cotton Trousers,899,M.R.P:,127,4.1 out of 5 stars,https://m.media-amazon.com/images/I/41Z1YIKEPAL._AC_UL320_.jpg
Women's Solid Cotton Slub Ankle Length Regular Trouser Pant,419,50+ bought in past month,"3,034",3.9 out of 5 stars,https://m.media-amazon.com/images/I/61JcIxx5zqL._AC_UL320_.jpg
Men's Regular Track Pants,"1,049",50+ bought in past month,396,3.7 out of 5 stars,https://m.media-amazon.com/images/I/716j+9hxCJL._AC_UL320_.jpg
"Formal Pant with Expandable Waist for Men. Regular Fit, Flat Front, Premium Lycra Fabric for Office, Party and Casual Wear",999,M.R.P:,752,3.5 out of 5 stars,https://m.media-amazon.com/images/I/51EwZjK-jqL._AC_UL320_.jpg
Woman's Plain Cotton Patiala Salwar Combo of 2 (Free Size) Patiala || Patiyala || Patiala Pants || Cotton Patiala || Patiala Combo for Women's,593,50+ bought in past month,3,5.0 out of 5 stars,https://m.media-amazon.com/images/I/41iX7lctW4L._AC_UL320_.jpg
Men Cargo || Men Cargo Pants || Men Cargo Pants Cotton || Cargos for Men (Cargo-13-16),549,50+ bought in past month,237,4.1 out of 5 stars,https://m.media-amazon.com/images/I/61LoR-kg5CL._AC_UL320_.jpg
Mens Straight-fit Track Pants,"1,199",More Buying Choices,"1,797",4.1 out of 5 stars,https://m.media-amazon.com/images/I/71V9rVCEBvL._AC_UL320_.jpg
Men Cargo || Men Cargo Pants || Men Cargo Pants Cotton || Cargos for Men (Army),549,200+ bought in past month,346,3.7 out of 5 stars,https://m.media-amazon.com/images/I/61IEV2+5pbL._AC_UL320_.jpg
Men Cargo || Men Cargo Pants || Men Cargo Pants Cotton || Cargos for Men (Cargo-01-04),499,300+ bought in past month,"6,908",3.6 out of 5 stars,https://m.media-amazon.com/images/I/51FICIl4KjL._AC_UL320_.jpg
Men's Regular Casual Pants,662,M.R.P:,"1,327",3.4 out of 5 stars,https://m.media-amazon.com/images/I/51w-NkT99xL._AC_UL320_.jpg
Men Cargo || Men Cargo Pants || Men Cargo Pants Cotton || Cargos for Men (Cargo-09-12),549,300+ bought in past month,"2,142",3.7 out of 5 stars,https://m.media-amazon.com/images/I/61tfGGTP2UL._AC_UL320_.jpg
Luxury PV Stretchable Casual Pant for Men | Stylish Slim Fit Men's Wear Trousers for Office or Party | Mens Fashion Dress Trouser with Expandable Waist & 4 Way Stretch,"1,799",M.R.P:,17,4.2 out of 5 stars,https://m.media-amazon.com/images/I/71uK9lIemoL._AC_UL320_.jpg
Cotton Pajama Pants with All Over Print for Boys and Girls (Multicolor Designs)(Regular Fit)(Pack of 5),649,M.R.P:,"14,506",4.0 out of 5 stars,https://m.media-amazon.com/images/I/71jP7uOISSL._AC_UL320_.jpg
McHenry Men's Wrinkle Free Polyester Blended Stretchable Self Design Formal Regular Fit Trousers,799,M.R.P:,527,3.6 out of 5 stars,https://m.media-amazon.com/images/I/51J6jHadyUL._AC_UL320_.jpg
relaxfit Skin Soft Pure Cotton Plain Hosiery Lower (Trackpant) for Men ( Size AVAIABLE S to 6XL,459,M.R.P:,8,4.6 out of 5 stars,https://m.media-amazon.com/images/I/61l90s08PbL._AC_UL320_.jpg
"Women Smart Tech+ Regular Fit Lounge Pants - Easy Stain Release, Moisture Wicking, Ultra Soft",579,50+ bought in past month,"5,507",4.2 out of 5 stars,https://m.media-amazon.com/images/I/811VLIonjKL._AC_UL320_.jpg
Men's Slim Fit Stretch Knit Pants - Smart Casual | Flexi Waist,"1,399",M.R.P:,104,4.3 out of 5 stars,https://m.media-amazon.com/images/I/61Chb1dL6+L._AC_UL320_.jpg
Women's Regular Track Pants,479,M.R.P:,146,4.1 out of 5 stars,https://m.media-amazon.com/images/I/51dxHDN+xqL._AC_UL320_.jpg
Boys Regular Fit Blended Cotton Stylish Track Pants - Pack of 3,719,100+ bought in past month,526,3.8 out of 5 stars,https://m.media-amazon.com/images/I/61RVaanPuaL._AC_UL320_.jpg
Men Regular Fit Casual Pants,799,M.R.P:,389,3.6 out of 5 stars,https://m.media-amazon.com/images/I/61b1YMTT0CL._AC_UL320_.jpg
Women Mid Rise Kurti Pant,899,N/A,872,4.2 out of 5 stars,https://m.media-amazon.com/images/I/51vyrtzc-sL._AC_UL320_.jpg
Women Cotton Blend Pack of 2 Track Pant for Summer || Women Lower || Women Pyjama || Lounge Pants,479,100+ bought in past month,"1,717",3.8 out of 5 stars,https://m.media-amazon.com/images/I/614MUnGIU7L._AC_UL320_.jpg
Men's Regular Track Pants,439,M.R.P:,"1,220",3.5 out of 5 stars,https://m.media-amazon.com/images/I/61mp12NqMsL._AC_UL320_.jpg
Women The Ultimate Straight Pants | Trousers for Women | Straight Fit | Pintuck Design | Polyester,"1,249",M.R.P:,254,4.2 out of 5 stars,https://m.media-amazon.com/images/I/31oa4AzaP2L._AC_UL320_.jpg
"Pampers Premium Care Pants, Double Extra Large size baby diapers (XXL), 30 Count, Softest ever Pampers pants",899,4K+ bought in past month,"53,432",4.4 out of 5 stars,https://m.media-amazon.com/images/I/61oWFMtz0cL._AC_UL320_.jpg
"Bumtum Chota Bheem XXL Size Baby Diaper Pants, 66 Count, Leakage Protection Infused With Aloe Vera, Cottony Soft High Absorb Technology",910,900+ bought in past month,366,3.8 out of 5 stars,https://m.media-amazon.com/images/I/711PQAFkKyL._AC_UL320_.jpg
Men's 512 Slim Tapered Fit Mid-Rise Chinos,"1,259",M.R.P:,20,3.5 out of 5 stars,https://m.media-amazon.com/images/I/51AMTnc6QNL._AC_UL320_.jpg
Men Cargo || Men Cargo Pants || Men Cargo Pants Cotton || Cargos for Men (Cargo-26-29),499,300+ bought in past month,250,4.4 out of 5 stars,https://m.media-amazon.com/images/I/512sSoHwolL._AC_UL320_.jpg
Women's Relaxed Fit Maternity Pants,494,100+ bought in past month,694,3.9 out of 5 stars,https://m.media-amazon.com/images/I/518Oy9mft4L._AC_UL320_.jpg
Cotton Pajama Pants with All Over Print for Boys and Girls (Multicolor Designs)(Pack of 5),569,200+ bought in past month,"30,332",4.0 out of 5 stars,https://m.media-amazon.com/images/I/71G6UQ0ZUeL._AC_UL320_.jpg
"Women's Parachute Cargo Pants/Trouser with Pockets for Hiking, Camping, Traveling, Outdoor Activities, Solid Drawstring Waist Flap Pocket Side",399,M.R.P:,27,3.1 out of 5 stars,https://m.media-amazon.com/images/I/41QMHJP25FL._AC_UL320_.jpg
Women's Rayon Blend Straight Bandhej Printed Kurta with Pant & Dupatta,599,M.R.P:,28,4.9 out of 5 stars,https://m.media-amazon.com/images/I/816fnWiEFWL._AC_UL320_.jpg
Men Work Regular Fit Utility Pants,"1,189",M.R.P:,2,4.5 out of 5 stars,https://m.media-amazon.com/images/I/51WFua0eY2L._AC_UL320_.jpg
"Men Combo Track Pant with Lycra Elastic Jogger Suitable for Active Wear, Jogger Yoga Wear, Sports (Pack of 2)",379,M.R.P:,896,3.8 out of 5 stars,https://m.media-amazon.com/images/I/41NpAQicBqL._AC_UL320_.jpg
Men's Solid Regular Fit Joggers,809,M.R.P:,1,5.0 out of 5 stars,https://m.media-amazon.com/images/I/51SVoqfoN0L._AC_UL320_.jpg
Men Cargo || Men Cargo Pants || Men Cargo Pants Cotton || Cargos for Men (Cargo-34-37),599,100+ bought in past month,131,4.3 out of 5 stars,https://m.media-amazon.com/images/I/61kjvN8OtvL._AC_UL320_.jpg
Men's Regular Casual Pants,849,M.R.P:,"1,327",3.4 out of 5 stars,https://m.media-amazon.com/images/I/511++x9nPzL._AC_UL320_.jpg
Boy's Regular Fit Track pants,429,M.R.P:,"4,353",4.2 out of 5 stars,https://m.media-amazon.com/images/I/51ukHJgRbHL._AC_UL320_.jpg
Men's Slim Fit Flexi Waist Casual Pants,"1,799",M.R.P:,411,4.2 out of 5 stars,https://m.media-amazon.com/images/I/61ngHnT1sAL._AC_UL320_.jpg
"Little Angel Extra Dry Baby Pants Diaper, Large (L) Size, 68 Count, Super Absorbent Core Up to 12 Hrs. Protection, Soft Elastic Waist Grip & Wetness Indicator, Pack of 2, 34 count/pack, 8-14kg",530,1K+ bought in past month,"45,988",3.9 out of 5 stars,https://m.media-amazon.com/images/I/61ItizWLaaL._AC_UL320_.jpg
Men Cargo || Men Cargo Pants || Men Cargo Pants Cotton || Cargos for Men (Cargo-13-16),549,100+ bought in past month,237,4.1 out of 5 stars,https://m.media-amazon.com/images/I/61W-417HDnL._AC_UL320_.jpg
Men's Slim Fit Flexi Waist Casual Pants,"1,699",M.R.P:,411,4.2 out of 5 stars,https://m.media-amazon.com/images/I/71jfMhZZLQL._AC_UL320_.jpg
Men Cargo || Men Cargo Pants || Men Cargo Pants Cotton || Cargos for Men (Cago-22-25),519,100+ bought in past month,258,4.1 out of 5 stars,https://m.media-amazon.com/images/I/61IEeJb0zsL._AC_UL320_.jpg
Men's Slim Fit Stretch Knit Pants - Smart Casual | Flexi Waist,"1,399",M.R.P:,104,4.3 out of 5 stars,https://m.media-amazon.com/images/I/61Chb1dL6+L._AC_UL320_.jpg
"Mens Cotton Three by Fourth, 3/4, Capri, Three Quarter",499,M.R.P:,354,4.0 out of 5 stars,https://m.media-amazon.com/images/I/41pE5S9bGYL._AC_UL320_.jpg
IM26 Men's Super Combed Cotton Rich Elastane Stretch Woven Fabric Slim Fit All Day Pants with Side Pockets,"1,849",N/A,4,3.0 out of 5 stars,https://m.media-amazon.com/images/I/61ifuhgQatL._AC_UL320_.jpg
Stretchable Gym Pants for Women & Tights for Women Workout with Mesh Insert & Side Pockets (2670),329,50+ bought in past month,"2,473",4.0 out of 5 stars,https://m.media-amazon.com/images/I/61kn0x3ACUL._AC_UL320_.jpg
Men's Casual Stretchable Denim Tapered Fit Carrot Jeans_1,549,50+ bought in past month,671,3.1 out of 5 stars,https://m.media-amazon.com/images/I/51tQUQnvRPL._AC_UL320_.jpg
E014 Essentials Lounge Pants | Basic Straight Leg Pants with Adjustable Drawstring and Zipper Pockets,849,M.R.P.,"1,362",4.0 out of 5 stars,https://m.media-amazon.com/images/I/61+ePTi64IL._AC_UL320_.jpg
Women Regular Fit Pants,999,M.R.P:,105,4.4 out of 5 stars,https://m.media-amazon.com/images/I/41df3JUdoRL._AC_UL320_.jpg
Men Casual Trousers,599,M.R.P:,114,4.0 out of 5 stars,https://m.media-amazon.com/images/I/51yWwCu1ntL._AC_UL320_.jpg
Men's Loose Casual Pants,599,M.R.P:,148,3.7 out of 5 stars,https://m.media-amazon.com/images/I/51DwAKa-pmL._AC_UL320_.jpg
Mens Cotton Rich Regular Fit Track Pants,449,M.R.P:,"2,649",3.9 out of 5 stars,https://m.media-amazon.com/images/I/810gPvDYe5L._AC_UL320_.jpg
Boys Regular Fit Pants(Pack of 5),599,50+ bought in past month,"1,077",4.1 out of 5 stars,https://m.media-amazon.com/images/I/71SkymFFSRL._AC_UL320_.jpg
Men Slim Fit Lounge Bottom,749,M.R.P:,845,3.9 out of 5 stars,https://m.media-amazon.com/images/I/61K33I4z4rL._AC_UL320_.jpg
"Women's Cotton Blend Formal Trouser Pants for School, Office, Casual, etc.",399,M.R.P:,N/A,N/A,https://m.media-amazon.com/images/I/61VNuYQwidL._AC_UL320_.jpg
Boys Track Pants(Pack of 3),569,300+ bought in past month,857,4.2 out of 5 stars,https://m.media-amazon.com/images/I/81Vvldnym0L._AC_UL320_.jpg
Men's Slim Fit Solid Formal Trouser,849,M.R.P:,110,3.7 out of 5 stars,https://m.media-amazon.com/images/I/51WxnaMx18L._AC_UL320_.jpg
Women Slim Fit Polyester Blend Track Pants,329,100+ bought in past month,"1,135",4.2 out of 5 stars,https://m.media-amazon.com/images/I/51FdHR26XGL._AC_UL320_.jpg
Women's & Girls' High Waist Wide Legs Korean Baggy Pants,499,M.R.P:,96,2.8 out of 5 stars,https://m.media-amazon.com/images/I/61ipdXGVXTL._AC_UL320_.jpg
Loose Baggy fit Joggers/Loose Yoga Pants/Casual Extra Baggy fit Lower Cotton for Women,499,50+ bought in past month,76,4.1 out of 5 stars,https://m.media-amazon.com/images/I/51PamxvbE1L._AC_UL320_.jpg
Track Pants for Mens || Joggers for Mens || Men's Sports Regular Fit Polyester Track Pant with Two Side Zipper Pockets,474,200+ bought in past month,15,3.1 out of 5 stars,https://m.media-amazon.com/images/I/41FU3BC4I3L._AC_UL320_.jpg
"Men's Athletic Fit Polyester, Cotton Track Pants","1,249",M.R.P:,59,3.7 out of 5 stars,https://m.media-amazon.com/images/I/51FNZTyQ4yL._AC_UL320_.jpg
Jeans for Women | Jeans Pant for Women | Baggy Jeans for Women | Women Jeans | Baggy Jeans for Women High Waist | Bell Bottom Jeans for Women,569,M.R.P:,349,4.0 out of 5 stars,https://m.media-amazon.com/images/I/610a567ZcKL._AC_UL320_.jpg
Premium Flare Gym Pants High Waist Stretchable Flared Leggings with Pockets Gym wear/active Wear Tights Yoga Pants Zumba/Dance Womens Workout Tights Gym Tight Blue,619,100+ bought in past month,"1,099",4.2 out of 5 stars,https://m.media-amazon.com/images/I/61TKoF7i-BL._AC_UL320_.jpg
Men Joggers ||Track Pant for Men || Men Joggers || Printed Joggers (TP-25-28),469,M.R.P:,172,4.0 out of 5 stars,https://m.media-amazon.com/images/I/61UbysXHjLL._AC_UL320_.jpg
Women's Cotton Blend Printed Straight Kurta with Pant & Dupatta,579,200+ bought in past month,"1,900",3.8 out of 5 stars,https://m.media-amazon.com/images/I/61fbRiF6EqL._AC_UL320_.jpg
Men Regular Fit Casual Pants,"1,029",M.R.P:,2,4.0 out of 5 stars,https://m.media-amazon.com/images/I/51wRDhqA4qL._AC_UL320_.jpg
Women 100% Cotton Solid Calf Length Straight Pant for Kurti,343,100+ bought in past month,689,3.4 out of 5 stars,https://m.media-amazon.com/images/I/518N1rPMmgL._AC_UL320_.jpg
Cotton Pajama Pants with All Over Print for Boys and Girls (Multicolor Designs)(Regular Fit)(Pack of 5),579,100+ bought in past month,"14,506",4.0 out of 5 stars,https://m.media-amazon.com/images/I/81rtGqr3WVL._AC_UL320_.jpg
Women's & Girls' High Waist Wide Leg Pants,473,M.R.P:,338,3.0 out of 5 stars,https://m.media-amazon.com/images/I/31sLl8hlx+L._AC_UL320_.jpg
Men's Cotton Blend Jersey Track Pants (Regular Fit),499,M.R.P:,265,3.8 out of 5 stars,https://m.media-amazon.com/images/I/61DqgkPEkSL._AC_UL320_.jpg
Men's Trouser II Men's Regular Casual Pants II Men's Regular Fit Casual Trouser (Trousers-121),284,100+ bought in past month,194,3.9 out of 5 stars,https://m.media-amazon.com/images/I/611kYALiqGL._AC_UL320_.jpg
Bell-Bottom Men Cargo Jeans II Men Cargo Pants II Denim Cargo for Men II Cotton Pant II Wide Legs II Flap Pockets II Cargo for Men (Jeans-119),844,100+ bought in past month,166,4.0 out of 5 stars,https://m.media-amazon.com/images/I/71KPGDAYmfL._AC_UL320_.jpg
Men Comfort Fit Solid Cotton I690 Casual Style Lounge Pants - Pack Of 1,850,50+ bought in past month,454,4.0 out of 5 stars,https://m.media-amazon.com/images/I/41j9rCKkj7L._AC_UL320_.jpg
Stretchable Yoga Pants for Women & Gym Pants for Women Workout with Mesh Insert & Side Pockets,359,50+ bought in past month,338,4.2 out of 5 stars,https://m.media-amazon.com/images/I/61UWovVHJbL._AC_UL320_.jpg
kurta set for women | Women Kurta | Women Kurta Sets Kurtis | Women Kurta Pant Set | Women Kurta Pant Set Women Kurti Set with Pant (K-53-54),429,50+ bought in past month,727,3.5 out of 5 stars,https://m.media-amazon.com/images/I/71GJ0OmRvgL._AC_UL320_.jpg
Men Regular Fit Track Pants,"1,304",M.R.P:,38,3.7 out of 5 stars,https://m.media-amazon.com/images/I/61iddk6oexL._AC_UL320_.jpg
Men's Regular Fit Track Pants,"1,029",M.R.P:,236,3.6 out of 5 stars,https://m.media-amazon.com/images/I/51dC-g15eFL._AC_UL320_.jpg
Premium Elastic Formal Pants for Men || Formal Trousers for Men Office Wear || Formal Trousers for Men Stretchable,799,M.R.P:,1,5.0 out of 5 stars,https://m.media-amazon.com/images/I/51yUyDURI6L._AC_UL320_.jpg
"Statement Textured Polo T-Shirts | Premium Cotton, Herringbone Texture, Johnny Collar","1,049",M.R.P:,92,3.8 out of 5 stars,https://m.media-amazon.com/images/I/71LkC8OmMxL._AC_UL320_.jpg
Men's Flexi Waist Regular Fit Casual Pants/Chino,899,M.R.P:,230,3.7 out of 5 stars,https://m.media-amazon.com/images/I/71vIQB-6A0L._AC_UL320_.jpg
Track Pant for Men | Trouser Pant for Men | Track Pant for Men Loose Fit | Sports Track Pant for Men | Track Pant Men | Men Stylish Track Pant,329,M.R.P:,123,4.1 out of 5 stars,https://m.media-amazon.com/images/I/61jPP5eo-zL._AC_UL320_.jpg
Formal Trousers for Men || Men Formal Korean Pant || Formal Pants for Men,599,M.R.P:,71,3.3 out of 5 stars,https://m.media-amazon.com/images/I/414oK+hF49L._AC_UL320_.jpg
Cotton Pajama Pants with All Over Print for Boys and Girls (Multicolor Designs)(Regular Fit)(Pack of 5),799,"(₹3,99,500₹3,99,500/100 g)","14,506",4.0 out of 5 stars,https://m.media-amazon.com/images/I/41ktvpZIZeL._AC_UL320_.jpg
Men's Stretchable Formal Pants | Trousers (Slim Fit),649,M.R.P:,"16,560",3.7 out of 5 stars,https://m.media-amazon.com/images/I/71p+y8xHJFL._AC_UL320_.jpg
"Men Combo Track Pant with Lycra Elastic Jogger Suitable for Active Wear, Jogger Yoga Wear, Sports (Pack of 2)",379,50+ bought in past month,896,3.8 out of 5 stars,https://m.media-amazon.com/images/I/41MoTfPGm4L._AC_UL320_.jpg
Men's Casual Cotton Pants | Scoop Pocket Chinos | Trousers (Regular Fit),629,M.R.P:,"11,492",3.5 out of 5 stars,https://m.media-amazon.com/images/I/81rHWBHIOyL._AC_UL320_.jpg
Women's Ankle Lenght Regular Fit All-Season Jogger Track Pant,449,50+ bought in past month,"7,109",3.9 out of 5 stars,https://m.media-amazon.com/images/I/615YmjpdCJL._AC_UL320_.jpg
Baby Boys Cotton Printed Track Pants Baby Boy's Regular fit Trackpants (Assorted Prints),649,50+ bought in past month,"1,713",3.8 out of 5 stars,https://m.media-amazon.com/images/I/71w0LTwkgYL._AC_UL320_.jpg
Unisex Cotton Regular Fit Track Pants for Boys & Girls (Pack of 2),329,M.R.P:,248,3.8 out of 5 stars,https://m.media-amazon.com/images/I/71aTevcaEcL._AC_UL320_.jpg
1302 Women's Super Combed Cotton Elastane Stretch Relaxed Fit Trackpants with Side Pockets,949,M.R.P:,500,4.2 out of 5 stars,https://m.media-amazon.com/images/I/81p7Z7sJppL._AC_UL320_.jpg
Boys Regular Fit Pants(Pack of 5),499,50+ bought in past month,"2,899",4.2 out of 5 stars,https://m.media-amazon.com/images/I/61PVE7EudQL._AC_UL320_.jpg
"Women's Regular Fit Cotton Track Pants, Lower, Sports Trouser,Night Pants, Joggers for Lounge n Gym Wear for Ladies",683,50+ bought in past month,"5,047",4.0 out of 5 stars,https://m.media-amazon.com/images/I/51BADzjD4nL._AC_UL320_.jpg
Men's Relaxed Fit Jeans,499,400+ bought in past month,"39,224",3.5 out of 5 stars,https://m.media-amazon.com/images/I/616xchp1ECL._AC_UL320_.jpg
Boys Cotton Printed Track Pants - (Pack of 3) Multicolor,449,M.R.P:,364,3.8 out of 5 stars,https://m.media-amazon.com/images/I/81J4kGmjuiL._AC_UL320_.jpg
Premium Gym wear/active Wear Tights Strechable leggings Yoga Pants Gym Tight Abstract Print,574,M.R.P:,"2,781",4.1 out of 5 stars,https://m.media-amazon.com/images/I/71LsejGUYML._AC_UL320_.jpg
Women's Cotton Regular Fit Joggers Track Pants with 3 Pockets,474,M.R.P:,765,3.6 out of 5 stars,https://m.media-amazon.com/images/I/611GLo5ewsL._AC_UL320_.jpg
Girl's Regular Fit Cotton Blend Track Pant Multicolour,677,M.R.P:,490,4.2 out of 5 stars,https://m.media-amazon.com/images/I/51aRe3oYmNL._AC_UL320_.jpg
"Track Pants for Men: Regular Fit Cotton Blend Lower with 2 Side Zipper Pockets, Back Pocket - Your Go-to for Running, Gym, and Comfortable Style.",499,M.R.P:,"11,704",3.9 out of 5 stars,https://m.media-amazon.com/images/I/51EVmn6GpaL._AC_UL320_.jpg
Men's Slim Casual Pants,939,50+ bought in past month,24,4.1 out of 5 stars,https://m.media-amazon.com/images/I/51RXbWExbhL._AC_UL320_.jpg
Men's Slim Fit Stretch Knit Pants - Smart Casual | Flexi Waist,"1,399",M.R.P:,104,4.3 out of 5 stars,https://m.media-amazon.com/images/I/71roJPdmbSL._AC_UL320_.jpg
Women 100% Cotton Solid Calf Length Straight Pant for Kurti,343,100+ bought in past month,689,3.4 out of 5 stars,https://m.media-amazon.com/images/I/518N1rPMmgL._AC_UL320_.jpg
kurta set for women | Women Kurta | Women Kurta Sets Kurtis | Women Kurta Pant Set | Women Kurta Pant Set with dupatta Women Kurti Set with Pant and dupatta (K-90),569,50+ bought in past month,179,4.7 out of 5 stars,https://m.media-amazon.com/images/I/61Z6emPLkRL._AC_UL320_.jpg
Women's Sloane Tailored Pant,899,M.R.P:,4,3.4 out of 5 stars,https://m.media-amazon.com/images/I/61ehQhxRfkL._AC_UL320_.jpg
Luxury PV Lycra Stretchable Formal Pants for Men | Stylish Slim Fit Men's Wear Trousers for Office or Party | Mens Fashion Dress Trouser Pant,"1,499",100+ bought in past month,"1,574",3.8 out of 5 stars,https://m.media-amazon.com/images/I/716sdEm10ML._AC_UL320_.jpg
Men Regular Fit Casual Pants,829,M.R.P:,9,3.8 out of 5 stars,https://m.media-amazon.com/images/I/51iP3NkmqHL._AC_UL320_.jpg
Boy's Regular Track Pants,499,M.R.P:,N/A,N/A,https://m.media-amazon.com/images/I/51F0Z0ZS6aL._AC_UL320_.jpg
McHenry Men's Stretchable Wrinkle Free self Design Formal Trousers for Men,799,M.R.P:,157,3.7 out of 5 stars,https://m.media-amazon.com/images/I/71k+p5uFMWL._AC_UL320_.jpg
"Boys Smart Tech Regular Fit Trackpants - Easy Stain Release, Anti Stat, Ultra Soft",589,M.R.P:,2,5.0 out of 5 stars,https://m.media-amazon.com/images/I/61xKxKuSRCL._AC_UL320_.jpg
Men's Regular Fit Track Pants,"1,029",M.R.P:,236,3.6 out of 5 stars,https://m.media-amazon.com/images/I/51dC-g15eFL._AC_UL320_.jpg
Men Regular Fit Casual Pants,"1,919",M.R.P:,3,3.6 out of 5 stars,https://m.media-amazon.com/images/I/51W7c8ISOSL._AC_UL320_.jpg
Men's Slim Fit Flexi Waist Casual Pants,"1,699",M.R.P:,411,4.2 out of 5 stars,https://m.media-amazon.com/images/I/71nvyIapqYL._AC_UL320_.jpg
Men's Trouser II Men's Regular Casual Pants II Men's Regular Fit Casual Trouser (Trousers-120),284,M.R.P:,136,4.1 out of 5 stars,https://m.media-amazon.com/images/I/61xs2GCa7hL._AC_UL320_.jpg
Men Cargo Pants,649,M.R.P:,231,4.1 out of 5 stars,https://m.media-amazon.com/images/I/71of-Wm9IxL._AC_UL320_.jpg
Solid Cotton Cargo Joggers for Men,"1,234",M.R.P:,4,4.0 out of 5 stars,https://m.media-amazon.com/images/I/712ja9LYIOL._AC_UL320_.jpg
Track Pant for Men | Trouser Pant for Men | Track Pant for Men Loose Fit | Sports Track Pant for Men | Track Pant Men | Men Stylish Track Pant,369,200+ bought in past month,355,3.8 out of 5 stars,https://m.media-amazon.com/images/I/51hpIQa8PuL._AC_UL320_.jpg
Men Cargo || Men Cargo Pants || Men Cargo Pants Cotton || Cargos for Men (Cargo-13-16),549,100+ bought in past month,237,4.1 out of 5 stars,https://m.media-amazon.com/images/I/61W-417HDnL._AC_UL320_.jpg
Women's Regular Cotton Trousers,899,M.R.P:,127,4.1 out of 5 stars,https://m.media-amazon.com/images/I/41Z1YIKEPAL._AC_UL320_.jpg
Women Mid Rise Kurti Pant,899,N/A,872,4.2 out of 5 stars,https://m.media-amazon.com/images/I/51vyrtzc-sL._AC_UL320_.jpg
Girl's Regular Fit Track Pants(Pack of 5),599,50+ bought in past month,"3,294",4.2 out of 5 stars,https://m.media-amazon.com/images/I/61BUTnhvIFL._AC_UL320_.jpg
Men Regular Fit Track Pants,"1,304",M.R.P:,38,3.7 out of 5 stars,https://m.media-amazon.com/images/I/61iddk6oexL._AC_UL320_.jpg
Bell-Bottom Men Cargo Jeans II Men Cargo Pants II Denim Cargo for Men II Cotton Pant II Wide Legs II Flap Pockets II Cargo for Men (Jeans-119),844,100+ bought in past month,166,4.0 out of 5 stars,https://m.media-amazon.com/images/I/71KPGDAYmfL._AC_UL320_.jpg
"Bumtum Chota Bheem XXL Size Baby Diaper Pants, 66 Count, Leakage Protection Infused With Aloe Vera, Cottony Soft High Absorb Technology",910,900+ bought in past month,366,3.8 out of 5 stars,https://m.media-amazon.com/images/I/711PQAFkKyL._AC_UL320_.jpg
Regular Fit Solid Cotton Blend Trackpants Side Pockets Back Pocket Drawstring Waistband Super Breathable Comfortable Prima Jersey Tackpants for Men,"1,349",M.R.P.,126,4.3 out of 5 stars,https://m.media-amazon.com/images/I/61crNXN5V7L._AC_UL320_.jpg
Regular Fit Multicolor Men Trackpants(Pack of 1-VIMAL631778),599,(₹199.67₹199.67/count),"18,178",3.7 out of 5 stars,https://m.media-amazon.com/images/I/61j-uSqzKxL._AC_UL320_.jpg
Men Regular Fit Casual Pants,809,M.R.P:,200,3.6 out of 5 stars,https://m.media-amazon.com/images/I/71qtJvV3aHL._AC_UL320_.jpg
Men's Stretchable Formal Pants | Trousers (Slim Fit),649,100+ bought in past month,"16,560",3.7 out of 5 stars,https://m.media-amazon.com/images/I/61e0ta9X9zL._AC_UL320_.jpg
Men's Classic-Fit Wrinkle-Resistant Casual Pant,879,M.R.P:,"3,942",4.1 out of 5 stars,https://m.media-amazon.com/images/I/71De-IPZoeL._AC_UL320_.jpg
"Regular Fit Casual Ease Mens Pants Comfortable and Stylish Casual Trousers/Perfect for Office, Work, and Everyday Wear","1,487",M.R.P:,39,4.7 out of 5 stars,https://m.media-amazon.com/images/I/41n1JXaJeDL._AC_UL320_.jpg
Luxury PV Stretchable Casual Pant for Men | Stylish Slim Fit Men's Wear Trousers for Office or Party | Mens Fashion Dress Trouser with Expandable Waist & 4 Way Stretch,"1,599",M.R.P:,17,4.2 out of 5 stars,https://m.media-amazon.com/images/I/71uK9lIemoL._AC_UL320_.jpg
"Amazon Brand - Supples Premium Diapers, Large (L), 27 Count, 9-14 Kg, 12 hrs Absorption Baby Diaper Pants",239,1K+ bought in past month,"43,694",4.0 out of 5 stars,https://m.media-amazon.com/images/I/71MbANDerFL._AC_UL320_.jpg
"Women's Cotton Reyon Regular Fit Palazzo Pants - Available Size - M, L, XL, 2XL, 3XL,4XL",529,50+ bought in past month,87,4.2 out of 5 stars,https://m.media-amazon.com/images/I/51LxZimqiEL._AC_UL320_.jpg
"Women Trouser, Micro 4 Way Lycra Stretchable Bootcut Leggings and Pant for Womens",449,M.R.P:,430,3.6 out of 5 stars,https://m.media-amazon.com/images/I/511E9K7XROL._AC_UL320_.jpg
Men Regular Fit Pants,"1,409",M.R.P:,312,3.8 out of 5 stars,https://m.media-amazon.com/images/I/51llX34Ro5L._AC_UL320_.jpg
Women's Rayon Blend Straight Printed Kurta with Pant & Dupatta,579,M.R.P:,"1,103",3.9 out of 5 stars,https://m.media-amazon.com/images/I/61UUFVKCa8L._AC_UL320_.jpg
Women Rayon Solid Ankle Length Straight Pant,346,50+ bought in past month,331,3.6 out of 5 stars,https://m.media-amazon.com/images/I/51Prf4tQZsL._AC_UL320_.jpg
Formal Pants for Men | Stylish Regular Fit Men's Wear Trousers for Office or Party | Solid Formal Regular Fit Trouser for Men's,559,M.R.P:,8,3.5 out of 5 stars,https://m.media-amazon.com/images/I/71EKbimi7wL._AC_UL320_.jpg
Track Pant for Men || Men Track Pant || Track Pant (TP-39-41),529,100+ bought in past month,41,4.2 out of 5 stars,https://m.media-amazon.com/images/I/71LRZIbTAZL._AC_UL320_.jpg
"Ribbed Stretchable Flared Pants for Women | Boot Cut Bell Bottom Pants for Women - Ideal for Yoga & Gym Wear, Casual Wear & Office Wear Trousers for Women",448,M.R.P:,320,3.9 out of 5 stars,https://m.media-amazon.com/images/I/61cJtW0y7OL._AC_UL320_.jpg
Women's Wide Leg 4-Way Stretch Formal Trousers (Flexi-Waist | Wrinkle Resistant | Desk-to-Dinner),"1,199",M.R.P:,143,4.3 out of 5 stars,https://m.media-amazon.com/images/I/61LOTzqpR9L._AC_UL320_.jpg
Women Regular Fit Pants,949,M.R.P:,21,3.7 out of 5 stars,https://m.media-amazon.com/images/I/41v37+YIgyL._AC_UL320_.jpg
Men Track Pants (119-A-BLACK),498,M.R.P:,271,3.4 out of 5 stars,https://m.media-amazon.com/images/I/41GKt1ndbHL._AC_UL320_.jpg
Gym Wear for Women Stretchable Yoga Pants for Women Fitness Gym Leggings for Women & Gym Pants for Women Multipurpose Track Pants for Women Gym Tights for Women Active Wear Lower for Women,649,300+ bought in past month,767,3.9 out of 5 stars,https://m.media-amazon.com/images/I/419kJyD7GzL._AC_UL320_.jpg
Women's Cotton Blend Embroidered Straight Kurta with Pant & Dupatta,579,500+ bought in past month,"2,134",3.9 out of 5 stars,https://m.media-amazon.com/images/I/616yXLnXuvL._AC_UL320_.jpg
"Salwar Pant - Modern Style Pure Cotton for Women - Ethnic Semi Patiala Trouser - Office,Home - All Day Comfort Wear with Drawstring",469,M.R.P:,745,4.1 out of 5 stars,https://m.media-amazon.com/images/I/51upFveziJL._AC_UL320_.jpg
Boys Cargo Jogger Pants - Pure Cotton - Slim Fit - Available in L and XL,473,M.R.P:,53,3.9 out of 5 stars,https://m.media-amazon.com/images/I/61M0XEwyWSL._AC_UL320_.jpg
Men Joggers ||Track Pant for Men || Men Joggers || Printed Joggers (TP-29-31),479,M.R.P:,155,4.5 out of 5 stars,https://m.media-amazon.com/images/I/51lniJjkQTL._AC_UL320_.jpg
"Little Angel Baby Easy Dry Diaper Pants With 12 Hrs Absorption Medium (M) Size 74 Count, 7-12 Kgs - M (74 Pieces)",399,8K+ bought in past month,"1,738",3.7 out of 5 stars,https://m.media-amazon.com/images/I/81VLXnHaMML._AC_UL320_.jpg
Men Cargo || Men Cargo Pants || Men Cargo Pants Cotton || Cargos for Men (Cargo-05-08),549,200+ bought in past month,"2,602",3.9 out of 5 stars,https://m.media-amazon.com/images/I/61wRn+tMVqL._AC_UL320_.jpg
Kid's Regular Joggers,579,M.R.P:,489,4.1 out of 5 stars,https://m.media-amazon.com/images/I/517yDEpcKoL._AC_UL320_.jpg
Track Pant for Men (GL-TP-1015-2XL-GREEN),399,M.R.P:,2,1.5 out of 5 stars,https://m.media-amazon.com/images/I/51ONEZ3ak4L._AC_UL320_.jpg
Men's Regular Casual Pants,799,M.R.P:,"1,327",3.4 out of 5 stars,https://m.media-amazon.com/images/I/51kzk787drL._AC_UL320_.jpg
Men Cargo || Men Cargo Pants || Men Cargo Pants Cotton || Cargos for Men (Cargo-38-41),549,1K+ bought in past month,612,4.0 out of 5 stars,https://m.media-amazon.com/images/I/61j9jJhrStL._AC_UL320_.jpg
Men's Solid Regular Fit Joggers,"1,049",M.R.P:,N/A,N/A,https://m.media-amazon.com/images/I/514mdeNSffL._AC_UL320_.jpg
Cotton Pajama Pants with All Over Print for Boys and Girls (Multicolor Designs)(Regular Fit)(Pack of 5),619,"(₹3,09,500₹3,09,500/100 g)","14,506",4.0 out of 5 stars,https://m.media-amazon.com/images/I/41ktvpZIZeL._AC_UL320_.jpg
McHenry Mens' Regular Fit Poly Blended Checkered Formal Trousers,799,M.R.P:,"1,668",3.6 out of 5 stars,https://m.media-amazon.com/images/I/819fTINVfTL._AC_UL320_.jpg
Men's Casual Cotton Pants | Scoop Pocket Chinos | Trousers (Regular Fit),629,M.R.P:,"11,492",3.5 out of 5 stars,https://m.media-amazon.com/images/I/61UhkAmRVyL._AC_UL320_.jpg
"Men Combo Track Pant with Lycra Elastic Jogger Suitable for Active Wear, Jogger Yoga Wear, Sports (Pack of 2)",379,200+ bought in past month,896,3.8 out of 5 stars,https://m.media-amazon.com/images/I/41tC6RU26KL._AC_UL320_.jpg
Boys Regular Fit Pants,250,50+ bought in past month,"18,498",4.1 out of 5 stars,https://m.media-amazon.com/images/I/81tXT6Mz3uL._AC_UL320_.jpg
Men Cargo || Men Cargo Pants || Men Cargo Pants Cotton || Cargos for Men (Cargo-38-41),549,1K+ bought in past month,612,4.0 out of 5 stars,https://m.media-amazon.com/images/I/61j9jJhrStL._AC_UL320_.jpg
Men Cargo || Men Cargo Pants || Men Cargo Pants Cotton || Cargos for Men (Cargo-17-20),549,300+ bought in past month,942,4.2 out of 5 stars,https://m.media-amazon.com/images/I/51wm84K+iLL._AC_UL320_.jpg
Boys Regular Fit Pants(Pack of 5),499,50+ bought in past month,"2,899",4.2 out of 5 stars,https://m.media-amazon.com/images/I/61PVE7EudQL._AC_UL320_.jpg
Kurta Set for Women Silk Embroidered Straight Kurta Set for women with Pant,499,M.R.P:,2,4.5 out of 5 stars,https://m.media-amazon.com/images/I/61IDx9B4GfL._AC_UL320_.jpg
"100% Cotton Boys Summer Track Pant - Regular Fit Printed Sports Pants for Boy's, Multicolor (Pack of 3)",579,M.R.P:,"1,084",3.7 out of 5 stars,https://m.media-amazon.com/images/I/61tZLqihcXL._AC_UL320_.jpg
Boy's Cargo Track Pant and Joggers,375,M.R.P:,163,3.8 out of 5 stars,https://m.media-amazon.com/images/I/31uO0ueHV+L._AC_UL320_.jpg
"Prokick Waterproof Premium Rain Pant | Men's Regular Fit Rain Pant | Reversible Waterproof Rain Pant, Navy - 2XL",399,M.R.P:,48,3.4 out of 5 stars,https://m.media-amazon.com/images/I/61m-HCuwopL._AC_UL320_.jpg
Kurta Set for Women | Women Embroidered Kurta Set | Women Kurta Sets Kurtis | Women Kurta Pant Set (K-34-38),479,200+ bought in past month,667,3.9 out of 5 stars,https://m.media-amazon.com/images/I/61x1JGrRnmL._AC_UL320_.jpg
Women's Skinny Fit Cotton Maternity Pants,895,N/A,252,4.2 out of 5 stars,https://m.media-amazon.com/images/I/510SFpqeQBL._AC_UL320_.jpg
Boys Regular Fit Track Pants,329,M.R.P:,69,3.9 out of 5 stars,https://m.media-amazon.com/images/I/51hAvRlhaFL._AC_UL320_.jpg
Jeans for Women | Jeans Pant for Women | Baggy Jeans for Women | Women Jeans | Baggy Jeans for Women High Waist | Bell Bottom Jeans for Women,569,M.R.P:,349,4.0 out of 5 stars,https://m.media-amazon.com/images/I/610a567ZcKL._AC_UL320_.jpg
Women Loose Fit Parachute Trousers | High Waist Cargo Pant,599,50+ bought in past month,1,5.0 out of 5 stars,https://m.media-amazon.com/images/I/61CVeewb+vL._AC_UL320_.jpg
Men Trouser || Men Trouser Pants || Men Trouser Pants Cotton || Trouser for Men(Trouser),649,M.R.P:,46,4.0 out of 5 stars,https://m.media-amazon.com/images/I/51MPOsMNsaL._AC_UL320_.jpg
Stretchable Gym Pants for Women & Tights for Women Workout with Mesh Insert & Side Pockets (2670),329,50+ bought in past month,"2,473",4.0 out of 5 stars,https://m.media-amazon.com/images/I/61kn0x3ACUL._AC_UL320_.jpg
Boys 100% Cotton Solid Print Track Pants (Joggers),349,M.R.P:,"1,024",4.2 out of 5 stars,https://m.media-amazon.com/images/I/71+x2FRTmWL._AC_UL320_.jpg
Men Regular Fit Track Pants,"1,396.",M.R.P:,953,4.4 out of 5 stars,https://m.media-amazon.com/images/I/51eaazkJaWL._AC_UL320_.jpg
Women's & Girls' Solid High Waist with Pockets Cargo Pants Trouser for Women | Track Pant for Women | Cargo Style Trouser Track Pants for Women,590,M.R.P:,N/A,N/A,https://m.media-amazon.com/images/I/61z5dIWb9ML._AC_UL320_.jpg
Men's Lycra Blend Stylish Slim Fit Trousers | Formal Trousers for Men | Men's Trousers for Office | Trousers for Men | Men's Regular Trouser | Formal Pants for Men,982,(₹327.33₹327.33/count),1,5.0 out of 5 stars,https://m.media-amazon.com/images/I/71QQN3q4zBL._AC_UL320_.jpg
TFC DailyWear Woolen Pajama for Women|Free Size,699,N/A,N/A,N/A,https://m.media-amazon.com/images/I/41d9uiP4kDL._AC_UL320_.jpg
Boy's Regular Track Pants,575,M.R.P:,3,5.0 out of 5 stars,https://m.media-amazon.com/images/I/61vjmBu8tKL._AC_UL320_.jpg
Men's Regular Casual Pants,939,M.R.P:,2,1.5 out of 5 stars,https://m.media-amazon.com/images/I/61UbrKjXN7L._AC_UL320_.jpg
Men Regular Fit Pants,899,M.R.P:,7,3.5 out of 5 stars,https://m.media-amazon.com/images/I/51dB+pUfJRL._AC_UL320_.jpg
Boys' Joggers Track Pant,479,M.R.P:,99,4.3 out of 5 stars,https://m.media-amazon.com/images/I/71fvfF-vkLL._AC_UL320_.jpg
Track Pant for Men || Track Pants || Plain Track Pant (TP-16-19),411,M.R.P:,247,3.6 out of 5 stars,https://m.media-amazon.com/images/I/313+Y593tcL._AC_UL320_.jpg
"Men's Athletic Fit Polyester, Cotton Track Pants","1,249",M.R.P:,59,3.7 out of 5 stars,https://m.media-amazon.com/images/I/51FNZTyQ4yL._AC_UL320_.jpg
Men's Slim Fit Flexi Waist Casual Pants,"1,699",M.R.P:,411,4.2 out of 5 stars,https://m.media-amazon.com/images/I/71nvyIapqYL._AC_UL320_.jpg
Men's Trouser II Men's Regular Casual Pants II Men's Regular Fit Casual Trouser (Trousers-120),284,M.R.P:,136,4.1 out of 5 stars,https://m.media-amazon.com/images/I/61VhkEAKfYL._AC_UL320_.jpg
Men Cargo Pants,649,M.R.P:,231,4.1 out of 5 stars,https://m.media-amazon.com/images/I/719l1NWrPRL._AC_UL320_.jpg
Men's Slim Fit Stretch Knit Pants - Smart Casual | Flexi Waist,"1,399",M.R.P:,104,4.3 out of 5 stars,https://m.media-amazon.com/images/I/61Chb1dL6+L._AC_UL320_.jpg
Men Smart Cotton Lycra Joggers,749,M.R.P:,2,4.5 out of 5 stars,https://m.media-amazon.com/images/I/51ws-rVjObL._AC_UL320_.jpg
Track Pant for Men | Trouser Pant for Men | Track Pant for Men Loose Fit | Sports Track Pant for Men | Track Pant Men | Men Stylish Track Pant,369,100+ bought in past month,123,4.1 out of 5 stars,https://m.media-amazon.com/images/I/61yWIofwX6L._AC_UL320_.jpg
Men Slim Work Utility Pants,"1,209",M.R.P:,1,4.0 out of 5 stars,https://m.media-amazon.com/images/I/51ZuUOyAQUL._AC_UL320_.jpg
Men's Slim Fit Casual Pants,885,M.R.P:,43,3.8 out of 5 stars,https://m.media-amazon.com/images/I/51RJhL+VeNL._AC_UL320_.jpg
Men's Stretchable Casual Pants | Scoop Pocket Chinos | Trousers (Slim Fit),699,M.R.P:,"6,065",3.7 out of 5 stars,https://m.media-amazon.com/images/I/61xKRetXvrL._AC_UL320_.jpg
McHenry Men's Solid Formal Regular Fit Wrinkle Free PolyViscose Trousers,799,50+ bought in past month,"8,647",3.7 out of 5 stars,https://m.media-amazon.com/images/I/8107q7wtOvL._AC_UL320_.jpg
Cotton Pajama Pants with All Over Print for Boys and Girls (Multicolor Designs)(Regular Fit)(Pack of 5),379,50+ bought in past month,"14,506",4.0 out of 5 stars,https://m.media-amazon.com/images/I/81rtGqr3WVL._AC_UL320_.jpg
Men's Cotton Rich Polo T Shirt | Collar Tshirts | Half Sleeves | Plain-Regular Fit,359,50+ bought in past month,"29,430",3.9 out of 5 stars,https://m.media-amazon.com/images/I/81ufCEY5ZNL._AC_UL320_.jpg
relaxfit Skin Soft Pure Cotton Plain Hosiery Lower (Trackpant) for Men ( Size AVAIABLE S to 6XL,551,M.R.P:,8,4.6 out of 5 stars,https://m.media-amazon.com/images/I/61CdNFykvmL._AC_UL320_.jpg
Mens Cotton Relaxed Fit Jeans,949,M.R.P:,N/A,N/A,https://m.media-amazon.com/images/I/51+JLwIGacL._AC_UL320_.jpg
Men's Solid Regular Fit Sports T-Shirt,279,M.R.P:,"3,509",4.0 out of 5 stars,https://m.media-amazon.com/images/I/51sleWRdY9L._AC_UL320_.jpg
Men's Regular Fit Cotton Trackpants,699,100+ bought in past month,132,3.9 out of 5 stars,https://m.media-amazon.com/images/I/71lhYHSDY0L._AC_UL320_.jpg
"Men Combo Track Pant with Lycra Elastic Jogger Suitable for Active Wear, Jogger Yoga Wear, Sports (Pack of 2)",379,100+ bought in past month,896,3.8 out of 5 stars,https://m.media-amazon.com/images/I/41tC6RU26KL._AC_UL320_.jpg
Men's Cotton Rich Striped Polo T Shirt | Collar Tshirts | Half Sleeves - Regular Fit (Available in Plus Size),399,M.R.P:,"12,528",3.9 out of 5 stars,https://m.media-amazon.com/images/I/81k46fTGTqL._AC_UL320_.jpg
Men's Slim Fit Flexi Waist Casual Pants,"1,799",M.R.P:,411,4.2 out of 5 stars,https://m.media-amazon.com/images/I/71DKPEImteL._AC_UL320_.jpg
Men's Trouser II Men's Regular Casual Pants II Men's Regular Fit Casual Trouser (Trousers-120),284,M.R.P:,136,4.1 out of 5 stars,https://m.media-amazon.com/images/I/61VhkEAKfYL._AC_UL320_.jpg
Men's Cargo || Men Cargo Pants || Men Cargo Pants Denim || Loose Pant for Men || Cargos for Men,749,200+ bought in past month,65,4.3 out of 5 stars,https://m.media-amazon.com/images/I/51lcQ3qe1bL._AC_UL320_.jpg
Men Casual Trousers,599,M.R.P:,114,4.0 out of 5 stars,https://m.media-amazon.com/images/I/51pgOxK8ZxL._AC_UL320_.jpg
Men Cargo Pants,649,M.R.P:,231,4.1 out of 5 stars,https://m.media-amazon.com/images/I/71ZeSkSNGFL._AC_UL320_.jpg
Solid Cotton Cargo Joggers for Men,"1,424",M.R.P:,4,4.0 out of 5 stars,https://m.media-amazon.com/images/I/71LxWKlFHPL._AC_UL320_.jpg
"Regular Fit Cotton Vest for Men | 100% Cotton Fabric, Anti-bacterial finish",347,100+ bought in past month,"1,940",4.4 out of 5 stars,https://m.media-amazon.com/images/I/61XLExzXyQL._AC_UL320_.jpg
Men's Full Length Cotton Poly Stretch Jeans,849,M.R.P:,7,3.4 out of 5 stars,https://m.media-amazon.com/images/I/41KxJ+0KkSL._AC_UL320_.jpg
Men Regular Fit Track Pants,999,M.R.P:,6,3.4 out of 5 stars,https://m.media-amazon.com/images/I/61huI3W8DyL._AC_UL320_.jpg
Men's Slim Jeans,839,M.R.P:,96,3.5 out of 5 stars,https://m.media-amazon.com/images/I/519Y1-mWqnL._AC_UL320_.jpg
Cotton Pajama Pants with All Over Print for Boys and Girls (Multicolor Designs)(Regular Fit)(Pack of 5),599,M.R.P:,"14,506",4.0 out of 5 stars,https://m.media-amazon.com/images/I/71jP7uOISSL._AC_UL320_.jpg
McHenry Men's Wrinkle Free Polyester Blended Stretchable Self Design Formal Regular Fit Trousers,799,M.R.P:,527,3.6 out of 5 stars,https://m.media-amazon.com/images/I/51g1fEVYjbL._AC_UL320_.jpg
Men's Slim Fit Checked Formal Trousers,649,M.R.P:,38,3.6 out of 5 stars,https://m.media-amazon.com/images/I/510PZky214L._AC_UL320_.jpg
Men Casual Cotton Pants | Chinos | Trousers (Regular Fit),629,100+ bought in past month,"16,983",3.6 out of 5 stars,https://m.media-amazon.com/images/I/71rQD1ndKpL._AC_UL320_.jpg
McHenry Men's Wrinkle Free Stretchable Self Design Formal Regular Fit Trousers,799,M.R.P:,206,3.6 out of 5 stars,https://m.media-amazon.com/images/I/61rrzkGtpSL._AC_UL320_.jpg
Men's Slim Fit Track Pants,398,50+ bought in past month,"3,999",4.1 out of 5 stars,https://m.media-amazon.com/images/I/61yfHQZPDoL._AC_UL320_.jpg
Boy's Regular Fit Track Pants,499,M.R.P:,11,3.9 out of 5 stars,https://m.media-amazon.com/images/I/619Jy7eh+SL._AC_UL320_.jpg
Jeans for Men || Baggy Jeans for Men || Men Jeans Pants || Denim Jeans,699,M.R.P:,7,4.6 out of 5 stars,https://m.media-amazon.com/images/I/81fAExjB2RL._AC_UL320_.jpg
"Women Cotton Pant Stretchable Half-Elasticated Waist Regular Slim Fit Trouser, Pocket Pants for Office School Formal Casual Daily Use",759,100+ bought in past month,422,3.9 out of 5 stars,https://m.media-amazon.com/images/I/61b9toak60L._AC_UL320_.jpg
Men's Slim Fit Flexi Waist Casual Pants,"1,699",M.R.P:,411,4.2 out of 5 stars,https://m.media-amazon.com/images/I/71jfMhZZLQL._AC_UL320_.jpg
Men Cargo Pants,349,M.R.P:,231,4.1 out of 5 stars,https://m.media-amazon.com/images/I/71ueMkgx7KL._AC_UL320_.jpg
Men Cargo || Men Cargo Pants || Men Cargo Pants Cotton || Cargos for Men,699,M.R.P:,62,4.0 out of 5 stars,https://m.media-amazon.com/images/I/51EA3npenEL._AC_UL320_.jpg
Men Casual Trousers,599,M.R.P:,114,4.0 out of 5 stars,https://m.media-amazon.com/images/I/51pgOxK8ZxL._AC_UL320_.jpg
"Office Joggers Lite for Men, Comfortable Trousers with Stretchablity","1,299",M.R.P:,5,5.0 out of 5 stars,https://m.media-amazon.com/images/I/41uHYaf3fyL._AC_UL320_.jpg
Luxury PV Stretchable Casual Pants for Men | Stylish Slim Fit Men's Wear Trousers for Office or Party | Mens Fashion Dress Trouser with Expandable Waist & 4 Way Stretch,"1,499",50+ bought in past month,"1,261",3.8 out of 5 stars,https://m.media-amazon.com/images/I/61fCA6UC-dL._AC_UL320_.jpg
"Men Combo Track Pant with Lycra Elastic Jogger Suitable for Active Wear, Jogger Yoga Wear, Sports (Pack of 2)",379,50+ bought in past month,896,3.8 out of 5 stars,https://m.media-amazon.com/images/I/41Op4N6utFL._AC_UL320_.jpg
Men's Cotton Rich Polo T Shirt | Collar Tshirts | Half Sleeves | Plain-Regular Fit,359,M.R.P:,"29,430",3.9 out of 5 stars,https://m.media-amazon.com/images/I/81aN1dXJ+CL._AC_UL320_.jpg
Men Cotton Chino Shorts | Casual Half Pants | Bermuda,549,M.R.P:,"5,840",4.0 out of 5 stars,https://m.media-amazon.com/images/I/71CqIqowb1L._AC_UL320_.jpg
Men's Slim Fit Black Stretch Jeans,489,M.R.P:,"6,264",3.7 out of 5 stars,https://m.media-amazon.com/images/I/41B8msPlq0L._AC_UL320_.jpg
Men's Regular Casual Pants,499,M.R.P:,33,3.5 out of 5 stars,https://m.media-amazon.com/images/I/61z3341Np7L._AC_UL320_.jpg
Men's Regular Track Pants,598,300+ bought in past month,"1,635",3.9 out of 5 stars,https://m.media-amazon.com/images/I/61ixPCkIqVL._AC_UL320_.jpg
Regular Fit Super Stretchable Track Pant for Men,449,200+ bought in past month,"1,017",4.1 out of 5 stars,https://m.media-amazon.com/images/I/61FFFxHF6AL._AC_UL320_.jpg
"Men's Cargo Pants, Multi-Pocket Design, Drawstring Ankle Cuffs",379,50+ bought in past month,4,2.1 out of 5 stars,https://m.media-amazon.com/images/I/5194QedaySL._AC_UL320_.jpg
"Women Cotton Pant Stretchable Half-Elasticated Waist Regular Slim Fit Trouser, Pocket Pants for Office School Formal Casual Daily Use",759,100+ bought in past month,422,3.9 out of 5 stars,https://m.media-amazon.com/images/I/61b9toak60L._AC_UL320_.jpg
Solid Drawstring Relexed Fit Straight Leg Pants for Men's,649,50+ bought in past month,53,3.3 out of 5 stars,https://m.media-amazon.com/images/I/51kdcxnqmhL._AC_UL320_.jpg
"Women Regular Fit Elastic Waist Full Length Cotton Formal Trouser for Casual Wear, Office Wear",320,100+ bought in past month,"2,472",3.6 out of 5 stars,https://m.media-amazon.com/images/I/71senYLJz7L._AC_UL320_.jpg
Men's Trouser || Men's Regular Trouser || Men's Regular Fit Casual Trouser (Tro-05-08),549,M.R.P:,596,3.3 out of 5 stars,https://m.media-amazon.com/images/I/61i2UPvxI4L._AC_UL320_.jpg
"Men's Cotton Blend Track Pants for Active Lifestyles, Stylish Design Comfortable and Versatile Active Wear Combo Pack of 2|81",499,100+ bought in past month,5,4.0 out of 5 stars,https://m.media-amazon.com/images/I/71TKAy1Ii7L._AC_UL320_.jpg
Baggy Cargo Pant Trouser for Men,594,100+ bought in past month,82,3.3 out of 5 stars,https://m.media-amazon.com/images/I/51eG0cxt1fL._AC_UL320_.jpg
Men's Loose Pants,499,100+ bought in past month,136,3.0 out of 5 stars,https://m.media-amazon.com/images/I/61DWilcxm4L._AC_UL320_.jpg
"Men Athleisure Smart Tech Regular Fit Trackpants - Easy Stain Release, Anti Stat, Ultra Soft",819,100+ bought in past month,"2,478",4.0 out of 5 stars,https://m.media-amazon.com/images/I/81eQleWjVoL._AC_UL320_.jpg
Women's High Rise Cotton Blend Relaxed Fit Trousers,349,100+ bought in past month,"1,264",3.6 out of 5 stars,https://m.media-amazon.com/images/I/51KHayP5WIL._AC_UL320_.jpg
Track Pant for Men || Men Track Pant || Track Pant (TP-34-35),349,M.R.P:,31,5.0 out of 5 stars,https://m.media-amazon.com/images/I/616-OWCV8cL._AC_UL320_.jpg
Men's Stretchable Stretchable Formal Pant Trousers | Stylish Slim Fit Men's Wear Trousers for Office or Party | Polycotton Knitted Fabric,330,100+ bought in past month,12,3.4 out of 5 stars,https://m.media-amazon.com/images/I/71VcG9VD23L._AC_UL320_.jpg
Men's Checkmate 100% Super Combed Cotton Casual Style Pyjamas With Dual Side Pockets And No Marks Waistband,658,100+ bought in past month,"5,007",4.0 out of 5 stars,https://m.media-amazon.com/images/I/71zoEzZDS5L._AC_UL320_.jpg
"Men Combo Track Pant with Lycra Elastic Jogger Suitable for Active Wear, Jogger Yoga Wear, Sports (Pack of 2)",379,100+ bought in past month,896,3.8 out of 5 stars,https://m.media-amazon.com/images/I/41fC2+iWluL._AC_UL320_.jpg
Men's Round Neck Regular Dry Fit Gym Sports Regular Fit T-Shirt,319,M.R.P:,"2,289",3.8 out of 5 stars,https://m.media-amazon.com/images/I/71PGo8+DE1L._AC_UL320_.jpg
Men's Slim Fit Work Utility Pants,899,M.R.P:,49,3.7 out of 5 stars,https://m.media-amazon.com/images/I/61b5KLoorrL._AC_UL320_.jpg
Trouser Pant for Men | Track Pant for Men Loose Fit | Sports Track Pant for Men | Track Pant Men | Men Stylish Track Pant,379,1K+ bought in past month,252,3.9 out of 5 stars,https://m.media-amazon.com/images/I/51q+2tyUemL._AC_UL320_.jpg
Men Cargo || Men Cargo Pants || Men Cargo Pants Cotton || Cargos for Men (Cargo-13-16),549,50+ bought in past month,237,4.1 out of 5 stars,https://m.media-amazon.com/images/I/61LoR-kg5CL._AC_UL320_.jpg
Men's Trouser II Men's Regular Casual Pants II Men's Regular Fit Casual Trouser (Trousers-120),284,M.R.P:,136,4.1 out of 5 stars,https://m.media-amazon.com/images/I/61xs2GCa7hL._AC_UL320_.jpg
Men Cargo || Men Cargo Pants || Men Cargo Pants Cotton || Cargos for Men (Cargo-26-29),499,300+ bought in past month,250,4.4 out of 5 stars,https://m.media-amazon.com/images/I/512sSoHwolL._AC_UL320_.jpg
Men Cargo || Men Cargo Pants || Men Cargo Pants Cotton || Cargos for Men (Cargo-34-37),599,100+ bought in past month,131,4.3 out of 5 stars,https://m.media-amazon.com/images/I/61kjvN8OtvL._AC_UL320_.jpg
Men Cargo || Men Cargo Pants || Men Cargo Pants Cotton || Cargos for Men (Cargo-38-41),549,1K+ bought in past month,612,4.0 out of 5 stars,https://m.media-amazon.com/images/I/61j9jJhrStL._AC_UL320_.jpg
Track Pant for Men || Track Pants || Plain Track Pant (Track-06-08),379,1K+ bought in past month,"3,419",3.8 out of 5 stars,https://m.media-amazon.com/images/I/610IIi6wHuL._AC_UL320_.jpg
Luxury PV Lycra Stretchable Formal Pants for Men | Stylish Slim Fit Men's Wear Trousers for Office or Party | Mens Fashion Dress Trouser Pant,"1,499",100+ bought in past month,"1,574",3.8 out of 5 stars,https://m.media-amazon.com/images/I/716sdEm10ML._AC_UL320_.jpg
Stretchable Formal Pants for Plus Size Men | Stylish Slim Fit Luxury PV Lycra Men's Wear Trousers for Office or Party | Mens Fashion Dress Trouser Pant,"1,599",M.R.P:,47,3.9 out of 5 stars,https://m.media-amazon.com/images/I/61H1Q4CPilL._AC_UL320_.jpg
Men T-Shirt || T-Shirt for Men || Plain T Shirt || T-Shirt (RIB),339,100+ bought in past month,"3,816",3.6 out of 5 stars,https://m.media-amazon.com/images/I/71AEwEupFuL._AC_UL320_.jpg
T Shirt for Men || Men T-Shirt || || Men Polo T-Shirt || Men Pain T-Shirt (plainpolo),339,M.R.P:,824,3.6 out of 5 stars,https://m.media-amazon.com/images/I/71DIiFW3uDL._AC_UL320_.jpg
Men's Denim Cotton Oversized Loose Baggy Fit Jeans Pants for Men,699,100+ bought in past month,506,3.8 out of 5 stars,https://m.media-amazon.com/images/I/61vM-d6ijBL._AC_UL320_.jpg
Baggy Cargo Pant Trouser for Men,589,M.R.P:,32,4.8 out of 5 stars,https://m.media-amazon.com/images/I/51+QBpGWyBL._AC_UL320_.jpg
Men Cargo || Men Cargo Pants || Men Cargo Pants Cotton || Cargos for Men (Cago-22-25),519,200+ bought in past month,258,4.1 out of 5 stars,https://m.media-amazon.com/images/I/61LbbOemKBL._AC_UL320_.jpg
Men's Regular Fit Trackpants,379,200+ bought in past month,"17,306",3.9 out of 5 stars,https://m.media-amazon.com/images/I/61R11o1DC+S._AC_UL320_.jpg
Trouser for Women | Track Pant for Women | Cargo Style Trouser Track Pants for Women | Hight Waist Track Pants for Women | Trousers for Women,289,100+ bought in past month,234,3.8 out of 5 stars,https://m.media-amazon.com/images/I/511CG1E2tcL._AC_UL320_.jpg
Men's Casual Trousers for Men | Slim Fit Trousers for Men |Trousers for Men | Men Formal Pant,399,M.R.P:,"1,252",3.5 out of 5 stars,https://m.media-amazon.com/images/I/61cgpCE7mML._AC_UL320_.jpg
Men Trousers || Men Track Pant || Men Pants (TR-16-19),349,50+ bought in past month,31,4.2 out of 5 stars,https://m.media-amazon.com/images/I/61FaA5mGpfL._AC_UL320_.jpg
Slim Fit Cotton Blend Casual Trousers for Men,465,M.R.P:,495,3.8 out of 5 stars,https://m.media-amazon.com/images/I/510ArWdS2GL._AC_UL320_.jpg
Men Cargo || Men Cargo Pants || Men Cargo Pants Cotton || Cargos for Men (Cargo-46-49),599,50+ bought in past month,40,4.6 out of 5 stars,https://m.media-amazon.com/images/I/61vMoxKNd1L._AC_UL320_.jpg
Men's Slimfit Casual Pants/Chinos,499,M.R.P:,19,4.1 out of 5 stars,https://m.media-amazon.com/images/I/61J1azEr+AL._AC_UL320_.jpg
Women's Regular Fit Casual Pants,329,50+ bought in past month,560,3.5 out of 5 stars,https://m.media-amazon.com/images/I/61mubKrki-L._AC_UL320_.jpg
Women's & Girls' High Waist Wide Legs Korean Baggy Pants,579,50+ bought in past month,120,2.8 out of 5 stars,https://m.media-amazon.com/images/I/51+mHg5j5FL._AC_UL320_.jpg
Men's Regular Casual Pants,449,M.R.P:,361,4.5 out of 5 stars,https://m.media-amazon.com/images/I/61lehBvcfGL._AC_UL320_.jpg
Men's Solid Lycra Slim Fit Stretchable Casual Wear Comfortable Formal Trousers Pants,454,M.R.P:,237,3.5 out of 5 stars,https://m.media-amazon.com/images/I/51NJvrjVfvL._AC_UL320_.jpg
Men's Cotton Solid Men Stylish Cargo Black Track Pants,399,100+ bought in past month,"7,903",3.7 out of 5 stars,https://m.media-amazon.com/images/I/71r3RWbLWAL._AC_UL320_.jpg
Cargo for Men | Men Cargo Pants | Men Cargo Pants Cotton | Men Cargo | Trousers for Men | Baggy Cargo Pants for Men | Cargos for Men,399,50+ bought in past month,51,3.9 out of 5 stars,https://m.media-amazon.com/images/I/51whtLuYpjL._AC_UL320_.jpg
Women's Flare Leg Bell Bottom Pants Trouser,339,50+ bought in past month,136,4.0 out of 5 stars,https://m.media-amazon.com/images/I/616DFLD-fzL._AC_UL320_.jpg
Track Pant for Men || Men Track Pant || Track Pant (TP-32-33),349,200+ bought in past month,87,3.8 out of 5 stars,https://m.media-amazon.com/images/I/61-Njvr1ESL._AC_UL320_.jpg
Men's Solid Regular Fit T-Shirt,339,300+ bought in past month,"1,684",3.7 out of 5 stars,https://m.media-amazon.com/images/I/71kUxej0QhL._AC_UL320_.jpg
"Men Combo Track Pant with Lycra Elastic Jogger Suitable for Active Wear, Jogger Yoga Wear, Sports (Pack of 2)",379,200+ bought in past month,896,3.8 out of 5 stars,https://m.media-amazon.com/images/I/41NpAQicBqL._AC_UL320_.jpg
Cotton Pajama Pants with All Over Print for Boys and Girls (Multicolor Designs)(Regular Fit)(Pack of 5),379,50+ bought in past month,"14,506",4.0 out of 5 stars,https://m.media-amazon.com/images/I/81rtGqr3WVL._AC_UL320_.jpg
Men Regular Fit Trousers,849,M.R.P:,"1,395",4.1 out of 5 stars,https://m.media-amazon.com/images/I/51TELPv0hHL._AC_UL320_.jpg
Unisex Harem Pants (Trousers) for Adults (Pack of 1) Multi Colors,312,50+ bought in past month,38,4.2 out of 5 stars,https://m.media-amazon.com/images/I/51Ye0-1bPuL._AC_UL320_.jpg
Men Regular Fit Track Pants,"1,365",50+ bought in past month,12,3.9 out of 5 stars,https://m.media-amazon.com/images/I/510hI6Mts4L._AC_UL320_.jpg
Men's Trouser II Men's Regular Casual Pants II Men's Regular Fit Casual Trouser (Trousers-120),284,M.R.P:,136,4.1 out of 5 stars,https://m.media-amazon.com/images/I/61xs2GCa7hL._AC_UL320_.jpg
Men's Slim Fit Stretch Knit Pants - Smart Casual | Flexi Waist,"1,399",M.R.P:,104,4.3 out of 5 stars,https://m.media-amazon.com/images/I/61Chb1dL6+L._AC_UL320_.jpg
Men's Classic Pants,809,M.R.P:,7,4.0 out of 5 stars,https://m.media-amazon.com/images/I/51nkR5kEqjL._AC_UL320_.jpg
Men's Slim Fit Flexi Waist Casual Pants,"1,799",M.R.P:,411,4.2 out of 5 stars,https://m.media-amazon.com/images/I/61ngHnT1sAL._AC_UL320_.jpg
